0, 0, 12984, 281.000000, 0, 0 
2, 1, 0, 10.000000, 53391, 0 
4, 2, 0, 21.000000, 32771, 2823 
6, 3, 0, 8.000000, 57347, 4 
8, 4, 0, 22.000000, 63845, 0 
10, 5, 0, 23.000000, 32770, 0 
12, 6, 0, 18.000000, 6944, 0 
14, 7, 0, 28.000000, 55227, 0 
16, 8, 0, 20.000000, 38985, 0 
18, 9, 0, 27.000000, 27686, 0 
20, 10, 0, 49.000000, 18740, 0 
22, 11, 0, 17.000000, 12025, 0 
24, 12, 0, 49.000000, 3390, 0 
26, 13, 0, 40.000000, 103, 0 
28, 14, 0, 38.000000, 60652, 0 
30, 15, 0, 50.000000, 56419, 0 
32, 16, 0, 23.000000, 51388, 0 
34, 17, 0, 26.000000, 49385, 0 
36, 18, 0, 47.000000, 45116, 0 
38, 19, 0, 27.000000, 42504, 0 
40, 20, 0, 41.000000, 41668, 0 
42, 21, 0, 30.000000, 38990, 0 
44, 22, 0, 49.000000, 37623, 0 
46, 23, 0, 59.000000, 35353, 0 
48, 24, 0, 38.000000, 33795, 0 
50, 25, 0, 55.000000, 31647, 0 
52, 26, 0, 62.000000, 30866, 0 
54, 27, 0, 68.000000, 32142, 0 
56, 28, 0, 66.000000, 26825, 0 
58, 29, 0, 71.000000, 27021, 0 
60, 30, 0, 48.000000, 25020, 0 
62, 31, 0, 49.000000, 24767, 0 
64, 32, 0, 50.000000, 24744, 0 
66, 33, 0, 52.000000, 23478, 0 
68, 34, 0, 77.000000, 21431, 0 
70, 35, 0, 68.000000, 21606, 0 
72, 36, 0, 79.000000, 20750, 0 
74, 37, 0, 68.000000, 20404, 0 
76, 38, 0, 86.000000, 18363, 0 
78, 39, 0, 96.000000, 17504, 0 
80, 40, 4, 73.000000, 18662, 0 
82, 41, 15, 70.000000, 17404, 0 
84, 42, 9, 63.000000, 16874, 0 
86, 43, 22, 91.000000, 16254, 0 
88, 44, 20, 88.000000, 15927, 0 
90, 45, 21, 67.000000, 15404, 0 
92, 46, 197, 81.000000, 16502, 0 
94, 47, 29, 91.000000, 14478, 0 
96, 48, 62, 85.000000, 13897, 0 
98, 49, 96, 80.000000, 13658, 0 
100, 50, 19, 79.000000, 13075, 0 
102, 51, 52, 102.000000, 12822, 0 
104, 52, 55, 113.000000, 12677, 0 
106, 53, 1, 95.000000, 12349, 0 
108, 54, 237, 91.000000, 12122, 0 
110, 55, 463, 71.000000, 11907, 0 
112, 56, 674, 93.000000, 11696, 0 
114, 57, 906, 80.000000, 11496, 0 
116, 58, 1085, 104.000000, 15629, 0 
118, 59, 1280, 110.000000, 14311, 0 
120, 60, 460, 108.000000, 9732, 0 
122, 61, 333, 103.000000, 10752, 0 
124, 62, 41, 116.000000, 8934, 0 
126, 63, 145, 114.000000, 8932, 0 
128, 64, 340, 112.000000, 8793, 0 
130, 65, 356, 122.000000, 8913, 0 
132, 66, 427, 115.000000, 8956, 0 
134, 67, 603, 101.000000, 8824, 0 
136, 68, 779, 99.000000, 8698, 0 
138, 69, 951, 109.000000, 10468, 0 
140, 70, 396, 130.000000, 7786, 0 
142, 71, 386, 113.000000, 7763, 0 
144, 72, 321, 119.000000, 7705, 0 
146, 73, 654, 127.000000, 8880, 0 
148, 74, 341, 141.000000, 7194, 0 
150, 75, 99, 140.000000, 6669, 0 
152, 76, 51, 126.000000, 6496, 0 
154, 77, 52, 136.000000, 6412, 0 
156, 78, 64, 131.000000, 6331, 0 
158, 79, 48, 142.000000, 6252, 0 
160, 80, 1, 136.000000, 6174, 0 
162, 81, 179, 116.000000, 6100, 0 
164, 82, 354, 129.000000, 6026, 0 
166, 83, 463, 112.000000, 5955, 0 
168, 84, 603, 114.000000, 5884, 0 
170, 85, 745, 130.000000, 5815, 0 
172, 86, 906, 113.000000, 5749, 0 
174, 87, 1020, 112.000000, 5683, 0 
176, 88, 1155, 114.000000, 5619, 0 
178, 89, 1280, 114.000000, 5557, 0 
180, 90, 1372, 112.000000, 5496, 0 
182, 91, 1480, 113.000000, 5436, 0 
184, 92, 1611, 129.000000, 5377, 0 
186, 93, 1772, 113.000000, 5321, 0 
188, 94, 1848, 111.000000, 5265, 0 
190, 95, 1964, 128.000000, 5209, 0 
192, 96, 2060, 114.000000, 5156, 0 
194, 97, 2184, 127.000000, 5103, 0 
196, 98, 2306, 110.000000, 5052, 0 
198, 99, 2497, 127.000000, 5001, 0 
200, 100, 2473, 113.000000, 4952, 0 
202, 101, 2593, 111.000000, 4903, 0 
204, 102, 2694, 125.000000, 4855, 0 
206, 103, 2802, 112.000000, 4809, 0 
208, 104, 2896, 112.000000, 4763, 0 
210, 105, 2977, 110.000000, 4718, 0 
212, 106, 3112, 110.000000, 4674, 0 
214, 107, 3145, 112.000000, 4631, 0 
216, 108, 3259, 126.000000, 4588, 0 
218, 109, 3319, 125.000000, 4546, 0 
220, 110, 3376, 110.000000, 4506, 0 
222, 111, 3470, 127.000000, 4465, 0 
224, 112, 3554, 110.000000, 4426, 0 
226, 113, 3627, 109.000000, 4387, 0 
228, 114, 3699, 111.000000, 4349, 0 
230, 115, 3769, 128.000000, 4311, 0 
232, 116, 3898, 128.000000, 4274, 0 
234, 117, 3984, 172.000000, 6591, 0 
236, 118, 4107, 227.000000, 7669, 0 
238, 119, 4164, 230.000000, 5210, 0 
240, 120, 4227, 234.000000, 5420, 0 
242, 121, 2158, 212.000000, 2730, 0 
244, 122, 1863, 198.000000, 2162, 0 
246, 123, 1480, 199.000000, 1849, 0 
248, 124, 1293, 195.000000, 1614, 0 
250, 125, 1455, 184.000000, 1850, 0 
252, 126, 1601, 182.000000, 1970, 0 
254, 127, 1690, 173.000000, 1955, 0 
256, 128, 1788, 179.000000, 1940, 0 
258, 129, 1921, 195.000000, 1924, 0 
260, 130, 1974, 176.000000, 1910, 0 
262, 131, 2196, 166.000000, 2198, 0 
264, 132, 2388, 172.000000, 2393, 0 
266, 133, 2485, 186.000000, 2491, 0 
268, 134, 2552, 163.000000, 2474, 0 
270, 135, 2622, 172.000000, 2451, 0 
272, 136, 2701, 170.000000, 2435, 0 
274, 137, 2784, 185.000000, 2416, 0 
276, 138, 2875, 184.000000, 2399, 0 
278, 139, 2927, 229.000000, 3924, 0 
280, 140, 3006, 262.000000, 3445, 0 
282, 141, 1164, 226.000000, 1042, 0 
284, 142, 1150, 226.000000, 946, 0 
286, 143, 1408, 225.000000, 1201, 0 
288, 144, 1513, 245.000000, 1681, 0 
290, 145, 1017, 258.000000, 1366, 0 
292, 146, 1139, 226.000000, 856, 0 
294, 147, 2173, 264.000000, 2502, 0 
296, 148, 1038, 260.000000, 747, 0 
298, 149, 865, 263.000000, 630, 0 
300, 150, 308, 252.000000, 221, 0 
302, 151, 375, 249.000000, 252, 0 
304, 152, 19, 257.000000, 2, 0 
306, 153, 51, 249.000000, 2, 0 
308, 154, 17, 255.000000, 2, 0 
310, 155, 52, 256.000000, 2, 0 
312, 156, 55, 251.000000, 2, 0 
314, 157, 64, 256.000000, 2, 0 
316, 158, 55, 257.000000, 2, 0 
318, 159, 48, 274.000000, 2, 0 
320, 160, 28, 273.000000, 2, 0 
322, 161, 1, 279.000000, 2, 0 
324, 162, 91, 242.000000, 2, 0 
326, 163, 179, 242.000000, 2, 0 
328, 164, 238, 242.000000, 2, 0 
330, 165, 354, 242.000000, 2, 0 
332, 166, 389, 242.000000, 2, 0 
334, 167, 464, 242.000000, 3, 0 
336, 168, 526, 242.000000, 2, 0 
338, 169, 603, 242.000000, 2, 0 
340, 170, 675, 242.000000, 2, 0 
342, 171, 745, 242.000000, 2, 0 
344, 172, 825, 242.000000, 2, 0 
346, 173, 907, 242.000000, 2, 0 
348, 174, 952, 242.000000, 2, 0 
350, 175, 1020, 242.000000, 1, 0 
352, 176, 1085, 242.000000, 1, 0 
354, 177, 1155, 242.000000, 1, 0 
356, 178, 1213, 242.000000, 1, 0 
358, 179, 1280, 242.000000, 1, 0 
360, 180, 1379, 242.000000, 1, 0 
362, 181, 1373, 242.000000, 1, 0 
364, 182, 1469, 242.000000, 1, 0 
366, 183, 1508, 242.000000, 1, 0 
368, 184, 1543, 242.000000, 1, 0 
370, 185, 1611, 242.000000, 1, 0 
372, 186, 1671, 242.000000, 2, 0 
374, 187, 1773, 242.000000, 2, 0 
376, 188, 1762, 242.000000, 1, 0 
378, 189, 1849, 242.000000, 3, 0 
380, 190, 1917, 242.000000, 1, 0 
382, 191, 1963, 242.000000, 1, 0 
384, 192, 2025, 242.000000, 1, 0 
386, 193, 2059, 242.000000, 1, 0 
388, 194, 2134, 242.000000, 1, 0 
390, 195, 2184, 242.000000, 1, 0 
392, 196, 2237, 242.000000, 1, 0 
394, 197, 2306, 242.000000, 1, 0 
396, 198, 2353, 242.000000, 1, 0 
398, 199, 2398, 242.000000, 1, 0 
400, 200, 2485, 242.000000, 1, 0 
402, 201, 2473, 242.000000, 1, 0 
404, 202, 2540, 242.000000, 1, 0 
406, 203, 2578, 242.000000, 1, 0 
408, 204, 2658, 242.000000, 1, 0 
410, 205, 2694, 242.000000, 1, 0 
412, 206, 2758, 242.000000, 1, 0 
414, 207, 2802, 242.000000, 1, 0 
416, 208, 2840, 242.000000, 1, 0 
418, 209, 2896, 242.000000, 1, 0 
420, 210, 2936, 242.000000, 1, 0 
422, 211, 2988, 242.000000, 1, 0 
424, 212, 3026, 242.000000, 1, 0 
426, 213, 3112, 242.000000, 1, 0 
428, 214, 3098, 242.000000, 1, 0 
430, 215, 3145, 242.000000, 1, 0 
432, 216, 3188, 242.000000, 1, 0 
434, 217, 3259, 242.000000, 1, 0 
436, 218, 3285, 242.000000, 1, 0 
438, 219, 3319, 242.000000, 1, 0 
440, 220, 3391, 242.000000, 1, 0 
442, 221, 3376, 243.000000, 1, 0 
444, 222, 3447, 242.000000, 1, 0 
446, 223, 3470, 242.000000, 1, 0 
448, 224, 3552, 242.000000, 1, 0 
450, 225, 3537, 242.000000, 1, 0 
452, 226, 3589, 242.000000, 1, 0 
454, 227, 3651, 242.000000, 1, 0 
456, 228, 3668, 242.000000, 1, 0 
458, 229, 3700, 242.000000, 1, 0 
460, 230, 3749, 242.000000, 1, 0 
462, 231, 3800, 242.000000, 1, 0 
464, 232, 3837, 242.000000, 1, 0 
466, 233, 3899, 242.000000, 1, 0 
468, 234, 3912, 242.000000, 1, 0 
470, 235, 3985, 242.000000, 1, 0 
472, 236, 4033, 242.000000, 1, 0 
474, 237, 4107, 242.000000, 1, 0 
476, 238, 4182, 242.000000, 1, 0 
478, 239, 4164, 242.000000, 1, 0 
480, 240, 4207, 242.000000, 1, 0 
482, 241, 4228, 242.000000, 1, 0 
484, 242, 4259, 242.000000, 1, 0 
486, 243, 4274, 242.000000, 1, 0 
488, 244, 4300, 242.000000, 1, 0 
490, 245, 4353, 242.000000, 1, 0 
492, 246, 4383, 242.000000, 1, 0 
494, 247, 4432, 242.000000, 1, 0 
496, 248, 4460, 242.000000, 1, 0 
498, 249, 4497, 242.000000, 1, 0 
500, 250, 4531, 242.000000, 1, 0 
502, 251, 4575, 242.000000, 1, 0 
504, 252, 4608, 242.000000, 1, 0 
506, 253, 4650, 242.000000, 1, 0 
508, 254, 4665, 242.000000, 1, 0 
510, 255, 4685, 242.000000, 1, 0 
512, 256, 4734, 242.000000, 1, 0 
514, 257, 4768, 242.000000, 1, 0 
516, 258, 4823, 242.000000, 1, 0 
518, 259, 4805, 242.000000, 1, 0 
520, 260, 4873, 242.000000, 1, 0 
522, 261, 4904, 242.000000, 1, 0 
524, 262, 4912, 242.000000, 1, 0 
526, 263, 4938, 242.000000, 1, 0 
528, 264, 4978, 242.000000, 1, 0 
530, 265, 5010, 243.000000, 1, 0 
532, 266, 5048, 242.000000, 1, 0 
534, 267, 5061, 242.000000, 1, 0 
536, 268, 5108, 242.000000, 1, 0 
538, 269, 5125, 242.000000, 1, 0 
540, 270, 5164, 242.000000, 1, 0 
542, 271, 5187, 242.000000, 1, 0 
544, 272, 5221, 242.000000, 1, 0 
546, 273, 5250, 242.000000, 1, 0 
548, 274, 5264, 242.000000, 1, 0 
550, 275, 5311, 242.000000, 1, 0 
552, 276, 5412, 242.000000, 1, 0 
554, 277, 5393, 242.000000, 1, 0 
556, 278, 5374, 242.000000, 1, 0 
558, 279, 5418, 242.000000, 1, 0 
560, 280, 5434, 242.000000, 1, 0 
562, 281, 5464, 242.000000, 1, 0 
564, 282, 5493, 242.000000, 1, 0 
566, 283, 5509, 242.000000, 1, 0 
568, 284, 5543, 242.000000, 1, 0 
570, 285, 5565, 242.000000, 1, 0 
572, 286, 5592, 242.000000, 1, 0 
574, 287, 5619, 242.000000, 1, 0 
576, 288, 5659, 242.000000, 1, 0 
578, 289, 5665, 242.000000, 1, 0 
580, 290, 5724, 242.000000, 1, 0 
582, 291, 5705, 242.000000, 1, 0 
584, 292, 5746, 242.000000, 1, 0 
586, 293, 5779, 242.000000, 1, 0 
588, 294, 5808, 242.000000, 1, 0 
590, 295, 5832, 242.000000, 1, 0 
592, 296, 5845, 242.000000, 1, 0 
594, 297, 5869, 242.000000, 1, 0 
596, 298, 5889, 242.000000, 1, 0 
598, 299, 5923, 242.000000, 1, 0 
600, 300, 5940, 242.000000, 1, 0 
602, 301, 5957, 242.000000, 1, 0 
604, 302, 5997, 242.000000, 1, 0 
606, 303, 6009, 242.000000, 1, 0 
608, 304, 6030, 242.000000, 1, 0 
610, 305, 6049, 242.000000, 1, 0 
612, 306, 6073, 242.000000, 1, 0 
614, 307, 6108, 242.000000, 1, 0 
616, 308, 6110, 242.000000, 1, 0 
618, 309, 6141, 242.000000, 1, 0 
620, 310, 6160, 242.000000, 1, 0 
622, 311, 6184, 242.000000, 1, 0 
624, 312, 6199, 242.000000, 1, 0 
626, 313, 6256, 242.000000, 1, 0 
628, 314, 6285, 242.000000, 1, 0 
630, 315, 6326, 244.000000, 1, 0 
632, 316, 6306, 242.000000, 2, 0 
634, 317, 6287, 242.000000, 1, 0 
636, 318, 6359, 242.000000, 1, 0 
638, 319, 6366, 242.000000, 1, 0 
640, 320, 6376, 242.000000, 1, 0 
642, 321, 6391, 242.000000, 1, 0 
644, 322, 6406, 242.000000, 1, 0 
646, 323, 6427, 242.000000, 1, 0 
648, 324, 6459, 242.000000, 1, 0 
650, 325, 6472, 242.000000, 1, 0 
652, 326, 6496, 242.000000, 1, 0 
654, 327, 6515, 242.000000, 1, 0 
656, 328, 6534, 242.000000, 1, 0 
658, 329, 6562, 242.000000, 1, 0 
660, 330, 6589, 242.000000, 1, 0 
662, 331, 6595, 242.000000, 1, 0 
664, 332, 6618, 242.000000, 1, 0 
666, 333, 6636, 242.000000, 1, 0 
668, 334, 6650, 242.000000, 1, 0 
670, 335, 6677, 242.000000, 1, 0 
672, 336, 6674, 242.000000, 1, 0 
674, 337, 6721, 242.000000, 2, 0 
676, 338, 6727, 242.000000, 1, 0 
678, 339, 6744, 242.000000, 1, 0 
680, 340, 6764, 242.000000, 1, 0 
682, 341, 6781, 242.000000, 1, 0 
684, 342, 6800, 242.000000, 1, 0 
686, 343, 6825, 242.000000, 2, 0 
688, 344, 6829, 242.000000, 1, 0 
690, 345, 6861, 242.000000, 1, 0 
692, 346, 6881, 242.000000, 1, 0 
694, 347, 6893, 243.000000, 1, 0 
696, 348, 6907, 242.000000, 1, 0 
698, 349, 6929, 242.000000, 1, 0 
700, 350, 6948, 242.000000, 1, 0 
702, 351, 6951, 242.000000, 0, 0 
704, 352, 6985, 242.000000, 1, 0 
706, 353, 7059, 242.000000, 1, 0 
708, 354, 7038, 242.000000, 0, 0 
710, 355, 7020, 245.000000, 1, 0 
712, 356, 7050, 242.000000, 1, 0 
714, 357, 7056, 242.000000, 0, 0 
716, 358, 7075, 242.000000, 0, 0 
718, 359, 7094, 242.000000, 0, 0 
720, 360, 7102, 242.000000, 0, 0 
722, 361, 7124, 242.000000, 0, 0 
724, 362, 7138, 242.000000, 0, 0 
726, 363, 7165, 242.000000, 0, 0 
728, 364, 7171, 242.000000, 0, 0 
730, 365, 7198, 242.000000, 0, 0 
732, 366, 7199, 242.000000, 0, 0 
734, 367, 7242, 242.000000, 0, 0 
736, 368, 7223, 242.000000, 0, 0 
738, 369, 7250, 242.000000, 0, 0 
740, 370, 7273, 242.000000, 0, 0 
742, 371, 7292, 242.000000, 0, 0 
744, 372, 7307, 242.000000, 0, 0 
746, 373, 7313, 242.000000, 0, 0 
748, 374, 7329, 242.000000, 0, 0 
750, 375, 7337, 242.000000, 0, 0 
752, 376, 7363, 242.000000, 0, 0 
754, 377, 7372, 242.000000, 0, 0 
756, 378, 7383, 242.000000, 0, 0 
758, 379, 7411, 242.000000, 0, 0 
760, 380, 7416, 242.000000, 0, 0 
762, 381, 7429, 242.000000, 0, 0 
764, 382, 7441, 242.000000, 0, 0 
766, 383, 7457, 242.000000, 0, 0 
768, 384, 7481, 242.000000, 0, 0 
770, 385, 7479, 242.000000, 0, 0 
772, 386, 7501, 242.000000, 0, 0 
774, 387, 7512, 242.000000, 0, 0 
776, 388, 7528, 242.000000, 0, 0 
778, 389, 7537, 242.000000, 0, 0 
780, 390, 7579, 242.000000, 0, 0 
782, 391, 7600, 242.000000, 0, 0 
784, 392, 7628, 244.000000, 0, 0 
786, 393, 7610, 242.000000, 0, 0 
788, 394, 7590, 242.000000, 0, 0 
790, 395, 7645, 242.000000, 0, 0 
792, 396, 7648, 242.000000, 0, 0 
794, 397, 7652, 242.000000, 0, 0 
796, 398, 7661, 242.000000, 0, 0 
798, 399, 7670, 242.000000, 0, 0 
800, 400, 7684, 242.000000, 0, 0 
802, 401, 7706, 242.000000, 0, 0 
804, 402, 7715, 242.000000, 0, 0 
806, 403, 7730, 242.000000, 0, 0 
808, 404, 7743, 242.000000, 0, 0 
810, 405, 7757, 242.000000, 0, 0 
812, 406, 7776, 242.000000, 0, 0 
814, 407, 7794, 242.000000, 0, 0 
816, 408, 7796, 242.000000, 0, 0 
818, 409, 7812, 242.000000, 0, 0 
820, 410, 7836, 242.000000, 0, 0 
822, 411, 7832, 242.000000, 0, 0 
824, 412, 7851, 242.000000, 0, 0 
826, 413, 7860, 242.000000, 0, 0 
828, 414, 7881, 242.000000, 0, 0 
830, 415, 7883, 242.000000, 0, 0 
832, 416, 7909, 242.000000, 0, 0 
834, 417, 7908, 242.000000, 0, 0 
836, 418, 7918, 242.000000, 0, 0 
838, 419, 7932, 242.000000, 0, 0 
840, 420, 7949, 242.000000, 0, 0 
842, 421, 7950, 242.000000, 0, 0 
844, 422, 7974, 242.000000, 0, 0 
846, 423, 7977, 242.000000, 0, 0 
848, 424, 7995, 242.000000, 0, 0 
850, 425, 8004, 242.000000, 0, 0 
852, 426, 8018, 242.000000, 0, 0 
854, 427, 8030, 242.000000, 0, 0 
856, 428, 8034, 242.000000, 0, 0 
858, 429, 8056, 242.000000, 0, 0 
860, 430, 8115, 242.000000, 0, 0 
862, 431, 8097, 242.000000, 0, 0 
864, 432, 8078, 246.000000, 0, 0 
866, 433, 8100, 242.000000, 0, 0 
868, 434, 8105, 242.000000, 0, 0 
870, 435, 8118, 242.000000, 0, 0 
872, 436, 8131, 242.000000, 0, 0 
874, 437, 8136, 242.000000, 0, 0 
876, 438, 8151, 242.000000, 0, 0 
878, 439, 8160, 242.000000, 0, 0 
880, 440, 8171, 242.000000, 0, 0 
882, 441, 8174, 242.000000, 0, 0 
884, 442, 8203, 242.000000, 0, 0 
886, 443, 8202, 242.000000, 0, 0 
888, 444, 8235, 242.000000, 0, 0 
890, 445, 8233, 242.000000, 0, 0 
892, 446, 8238, 242.000000, 0, 0 
894, 447, 8254, 242.000000, 0, 0 
896, 448, 8267, 242.000000, 0, 0 
898, 449, 8278, 242.000000, 0, 0 
900, 450, 8281, 242.000000, 0, 0 
902, 451, 8291, 242.000000, 0, 0 
904, 452, 8299, 242.000000, 0, 0 
906, 453, 8316, 242.000000, 0, 0 
908, 454, 8322, 242.000000, 0, 0 
910, 455, 8329, 242.000000, 0, 0 
912, 456, 8350, 242.000000, 0, 0 
914, 457, 8352, 242.000000, 0, 0 
916, 458, 8361, 242.000000, 0, 0 
918, 459, 8369, 242.000000, 0, 0 
920, 460, 8380, 242.000000, 0, 0 
922, 461, 8398, 242.000000, 0, 0 
924, 462, 8395, 242.000000, 0, 0 
926, 463, 8411, 242.000000, 0, 0 
928, 464, 8418, 242.000000, 0, 0 
930, 465, 8429, 242.000000, 0, 0 
932, 466, 8435, 242.000000, 0, 0 
934, 467, 8468, 242.000000, 0, 0 
936, 468, 8483, 242.000000, 0, 0 
938, 469, 8506, 242.000000, 0, 0 
940, 470, 8489, 242.000000, 0, 0 
942, 471, 8471, 242.000000, 0, 0 
944, 472, 8515, 242.000000, 0, 0 
946, 473, 8514, 242.000000, 0, 0 
948, 474, 8517, 242.000000, 0, 0 
950, 475, 8522, 242.000000, 0, 0 
952, 476, 8527, 242.000000, 0, 0 
954, 477, 8539, 242.000000, 0, 0 
956, 478, 8554, 242.000000, 0, 0 
958, 479, 8560, 242.000000, 0, 0 
960, 480, 8572, 242.000000, 0, 0 
962, 481, 8580, 242.000000, 0, 0 
964, 482, 8589, 242.000000, 0, 0 
966, 483, 8605, 242.000000, 0, 0 
968, 484, 8617, 242.000000, 0, 0 
970, 485, 8617, 242.000000, 0, 0 
972, 486, 8619, 242.000000, 0, 0 
974, 487, 8638, 242.000000, 0, 0 
976, 488, 8643, 242.000000, 0, 0 
978, 489, 8657, 242.000000, 0, 0 
980, 490, 8664, 242.000000, 0, 0 
982, 491, 8679, 242.000000, 0, 0 
984, 492, 8679, 242.000000, 0, 0 
986, 493, 8688, 242.000000, 0, 0 
988, 494, 8698, 242.000000, 0, 0 
990, 495, 8706, 242.000000, 0, 0 
992, 496, 8716, 242.000000, 0, 0 
994, 497, 8729, 242.000000, 0, 0 
996, 498, 8729, 242.000000, 0, 0 
998, 499, 8747, 242.000000, 0, 0 
1000, 500, 8757, 242.000000, 0, 0 
1002, 501, 8761, 242.000000, 0, 0 
1004, 502, 8767, 242.000000, 0, 0 
1006, 503, 8778, 242.000000, 0, 0 
1008, 504, 8787, 242.000000, 0, 0 
1010, 505, 8786, 242.000000, 0, 0 
1012, 506, 8805, 242.000000, 0, 0 
1014, 507, 8852, 242.000000, 0, 0 
1016, 508, 8835, 242.000000, 0, 0 
1018, 509, 8819, 246.000000, 0, 0 
1020, 510, 8837, 242.000000, 0, 0 
1022, 511, 8840, 242.000000, 0, 0 
1024, 512, 8848, 242.000000, 0, 0 
1026, 513, 8858, 242.000000, 0, 0 
1028, 514, 8860, 242.000000, 0, 0 
1030, 515, 8873, 242.000000, 0, 0 
1032, 516, 8879, 242.000000, 0, 0 
1034, 517, 8893, 242.000000, 0, 0 
1036, 518, 8888, 242.000000, 0, 0 
1038, 519, 8912, 242.000000, 0, 0 
1040, 520, 8908, 242.000000, 0, 0 
1042, 521, 8935, 242.000000, 0, 0 
1044, 522, 8933, 242.000000, 0, 0 
1046, 523, 8934, 242.000000, 0, 0 
1048, 524, 8947, 242.000000, 0, 0 
1050, 525, 8958, 242.000000, 0, 0 
1052, 526, 8964, 242.000000, 0, 0 
1054, 527, 8966, 242.000000, 0, 0 
1056, 528, 8974, 242.000000, 0, 0 
1058, 529, 8977, 242.000000, 0, 0 
1060, 530, 8993, 242.000000, 0, 0 
1062, 531, 8996, 242.000000, 0, 0 
1064, 532, 9002, 242.000000, 0, 0 
1066, 533, 9017, 242.000000, 0, 0 
1068, 534, 9019, 242.000000, 0, 0 
1070, 535, 9024, 242.000000, 0, 0 
1072, 536, 9031, 242.000000, 0, 0 
1074, 537, 9038, 242.000000, 0, 0 
1076, 538, 9053, 242.000000, 0, 0 
1078, 539, 9049, 242.000000, 0, 0 
1080, 540, 9061, 242.000000, 0, 0 
1082, 541, 9068, 242.000000, 0, 0 
1084, 542, 9074, 242.000000, 0, 0 
1086, 543, 9079, 242.000000, 0, 0 
1088, 544, 9106, 242.000000, 0, 0 
1090, 545, 9117, 242.000000, 0, 0 
1092, 546, 9137, 242.000000, 0, 0 
1094, 547, 9119, 242.000000, 0, 0 
1096, 548, 9103, 242.000000, 0, 0 
1098, 549, 9140, 242.000000, 0, 0 
1100, 550, 9139, 242.000000, 0, 0 
1102, 551, 9139, 242.000000, 0, 0 
1104, 552, 9143, 242.000000, 0, 0 
1106, 553, 9148, 242.000000, 0, 0 
1108, 554, 9154, 242.000000, 0, 0 
1110, 555, 9167, 242.000000, 0, 0 
1112, 556, 9171, 242.000000, 0, 0 
1114, 557, 9181, 242.000000, 0, 0 
1116, 558, 9186, 242.000000, 0, 0 
1118, 559, 9193, 242.000000, 0, 0 
1120, 560, 9204, 242.000000, 0, 0 
1122, 561, 9215, 242.000000, 0, 0 
1124, 562, 9215, 242.000000, 0, 0 
1126, 563, 9224, 242.000000, 0, 0 
1128, 564, 9230, 242.000000, 0, 0 
1130, 565, 9233, 242.000000, 0, 0 
1132, 566, 9244, 242.000000, 0, 0 
1134, 567, 9249, 242.000000, 0, 0 
1136, 568, 9261, 242.000000, 0, 0 
1138, 569, 9262, 242.000000, 0, 0 
1140, 570, 9277, 242.000000, 0, 0 
1142, 571, 9275, 242.000000, 0, 0 
1144, 572, 9281, 242.000000, 0, 0 
1146, 573, 9288, 242.000000, 0, 0 
1148, 574, 9298, 242.000000, 0, 0 
1150, 575, 9297, 242.000000, 0, 0 
1152, 576, 9312, 242.000000, 0, 0 
1154, 577, 9320, 242.000000, 0, 0 
1156, 578, 9323, 242.000000, 0, 0 
1158, 579, 9327, 242.000000, 0, 0 
1160, 580, 9335, 242.000000, 0, 0 
1162, 581, 9342, 242.000000, 0, 0 
1164, 582, 9341, 242.000000, 0, 0 
1166, 583, 9356, 242.000000, 0, 0 
1168, 584, 9396, 242.000000, 0, 0 
1170, 585, 9380, 242.000000, 0, 0 
1172, 586, 9365, 242.000000, 0, 0 
1174, 587, 9378, 242.000000, 0, 0 
1176, 588, 9380, 242.000000, 0, 0 
1178, 589, 9388, 242.000000, 0, 0 
1180, 590, 9397, 242.000000, 0, 0 
1182, 591, 9397, 242.000000, 0, 0 
1184, 592, 9406, 242.000000, 0, 0 
1186, 593, 9410, 242.000000, 0, 0 
1188, 594, 9416, 242.000000, 0, 0 
1190, 595, 9417, 242.000000, 0, 0 
1192, 596, 9438, 242.000000, 0, 0 
1194, 597, 9433, 242.000000, 0, 0 
1196, 598, 9454, 242.000000, 0, 0 
1198, 599, 9439, 242.000000, 0, 0 
1200, 600, 9453, 242.000000, 0, 0 
1202, 601, 9462, 242.000000, 0, 0 
1204, 602, 9471, 242.000000, 0, 0 
1206, 603, 9477, 242.000000, 0, 0 
1208, 604, 9478, 242.000000, 0, 0 
1210, 605, 9485, 242.000000, 0, 0 
1212, 606, 9485, 242.000000, 0, 0 
1214, 607, 9498, 242.000000, 0, 0 
1216, 608, 9502, 242.000000, 0, 0 
1218, 609, 9504, 242.000000, 0, 0 
1220, 610, 9517, 242.000000, 0, 0 
1222, 611, 9518, 242.000000, 0, 0 
1224, 612, 9522, 242.000000, 0, 0 
1226, 613, 9525, 242.000000, 0, 0 
1228, 614, 9534, 242.000000, 0, 0 
1230, 615, 9544, 242.000000, 0, 0 
1232, 616, 9539, 242.000000, 0, 0 
1234, 617, 9551, 242.000000, 0, 0 
1236, 618, 9553, 242.000000, 0, 0 
1238, 619, 9560, 242.000000, 0, 0 
1240, 620, 9563, 242.000000, 0, 0 
1242, 621, 9585, 242.000000, 0, 0 
1244, 622, 9596, 242.000000, 0, 0 
1246, 623, 9610, 242.000000, 0, 0 
1248, 624, 9598, 242.000000, 0, 0 
1250, 625, 9581, 242.000000, 0, 0 
1252, 626, 9612, 242.000000, 0, 0 
1254, 627, 9610, 242.000000, 0, 0 
1256, 628, 9610, 242.000000, 0, 0 
1258, 629, 9613, 242.000000, 0, 0 
1260, 630, 9614, 242.000000, 0, 0 
1262, 631, 9621, 242.000000, 0, 0 
1264, 632, 9631, 242.000000, 0, 0 
1266, 633, 9635, 242.000000, 0, 0 
1268, 634, 9641, 242.000000, 0, 0 
1270, 635, 9646, 242.000000, 0, 0 
1272, 636, 9651, 242.000000, 0, 0 
1274, 637, 9661, 242.000000, 0, 0 
1276, 638, 9670, 242.000000, 0, 0 
1278, 639, 9667, 242.000000, 0, 0 
1280, 640, 9676, 242.000000, 0, 0 
1282, 641, 9679, 242.000000, 0, 0 
1284, 642, 9683, 242.000000, 0, 0 
1286, 643, 9691, 242.000000, 0, 0 
1288, 644, 9685, 242.000000, 0, 0 
1290, 645, 9705, 242.000000, 0, 0 
1292, 646, 9703, 242.000000, 0, 0 
1294, 647, 9718, 242.000000, 0, 0 
1296, 648, 9714, 242.000000, 0, 0 
1298, 649, 9718, 242.000000, 0, 0 
1300, 650, 9726, 242.000000, 0, 0 
1302, 651, 9732, 242.000000, 0, 0 
1304, 652, 9730, 242.000000, 0, 0 
1306, 653, 9745, 242.000000, 0, 0 
1308, 654, 9742, 242.000000, 0, 0 
1310, 655, 9751, 242.000000, 0, 0 
1312, 656, 9756, 242.000000, 0, 0 
1314, 657, 9761, 242.000000, 0, 0 
1316, 658, 9766, 242.000000, 0, 0 
1318, 659, 9767, 242.000000, 0, 0 
1320, 660, 9778, 242.000000, 0, 0 
1322, 661, 9813, 242.000000, 0, 0 
1324, 662, 9800, 242.000000, 0, 0 
1326, 663, 9787, 245.000000, 0, 0 
1328, 664, 9796, 242.000000, 0, 0 
1330, 665, 9796, 242.000000, 0, 0 
1332, 666, 9804, 242.000000, 0, 0 
1334, 667, 9811, 242.000000, 0, 0 
1336, 668, 9809, 242.000000, 0, 0 
1338, 669, 9816, 242.000000, 0, 0 
1340, 670, 9821, 242.000000, 0, 0 
1342, 671, 9827, 242.000000, 0, 0 
1344, 672, 9830, 242.000000, 0, 0 
1346, 673, 9841, 242.000000, 0, 0 
1348, 674, 9837, 242.000000, 0, 0 
1350, 675, 9857, 242.000000, 0, 0 
1352, 676, 9855, 242.000000, 0, 0 
1354, 677, 9854, 242.000000, 0, 0 
1356, 678, 9862, 242.000000, 0, 0 
1358, 679, 9868, 242.000000, 0, 0 
1360, 680, 9873, 242.000000, 0, 0 
1362, 681, 9874, 242.000000, 0, 0 
1364, 682, 9880, 242.000000, 0, 0 
1366, 683, 9879, 242.000000, 0, 0 
1368, 684, 9890, 242.000000, 0, 0 
1370, 685, 9891, 242.000000, 0, 0 
1372, 686, 9893, 242.000000, 0, 0 
1374, 687, 9904, 242.000000, 0, 0 
1376, 688, 9905, 242.000000, 0, 0 
1378, 689, 9909, 242.000000, 0, 0 
1380, 690, 9912, 242.000000, 0, 0 
1382, 691, 9918, 242.000000, 0, 0 
1384, 692, 9929, 242.000000, 0, 0 
1386, 693, 9922, 242.000000, 0, 0 
1388, 694, 9930, 242.000000, 0, 0 
1390, 695, 9933, 242.000000, 0, 0 
1392, 696, 9938, 242.000000, 0, 0 
1394, 697, 9939, 242.000000, 0, 0 
1396, 698, 9959, 242.000000, 0, 0 
1398, 699, 9967, 242.000000, 0, 0 
1400, 700, 9980, 245.000000, 0, 0 
1402, 701, 9966, 242.000000, 0, 0 
1404, 702, 9953, 242.000000, 0, 0 
1406, 703, 9980, 242.000000, 0, 0 
1408, 704, 9978, 242.000000, 0, 0 
1410, 705, 9977, 242.000000, 0, 0 
1412, 706, 9979, 242.000000, 0, 0 
1414, 707, 9981, 242.000000, 0, 0 
1416, 708, 9986, 242.000000, 0, 0 
1418, 709, 9995, 242.000000, 0, 0 
1420, 710, 9996, 242.000000, 0, 0 
1422, 711, 10001, 242.000000, 0, 0 
1424, 712, 10006, 242.000000, 0, 0 
1426, 713, 10010, 242.000000, 0, 0 
1428, 714, 10018, 242.000000, 0, 0 
1430, 715, 10020, 242.000000, 0, 0 
1432, 716, 10023, 242.000000, 0, 0 
1434, 717, 10023, 242.000000, 0, 0 
1436, 718, 10033, 242.000000, 0, 0 
1438, 719, 10035, 242.000000, 0, 0 
1440, 720, 10043, 242.000000, 0, 0 
1442, 721, 10039, 242.000000, 0, 0 
1444, 722, 10056, 242.000000, 0, 0 
1446, 723, 10053, 242.000000, 0, 0 
1448, 724, 10064, 242.000000, 0, 0 
1450, 725, 10061, 242.000000, 0, 0 
1452, 726, 10063, 242.000000, 0, 0 
1454, 727, 10068, 242.000000, 0, 0 
1456, 728, 10075, 242.000000, 0, 0 
1458, 729, 10073, 242.000000, 0, 0 
1460, 730, 10084, 242.000000, 0, 0 
1462, 731, 10091, 242.000000, 0, 0 
1464, 732, 10092, 242.000000, 0, 0 
1466, 733, 10093, 242.000000, 0, 0 
1468, 734, 10098, 242.000000, 0, 0 
1470, 735, 10102, 242.000000, 0, 0 
1472, 736, 10101, 242.000000, 0, 0 
1474, 737, 10115, 242.000000, 0, 0 
1476, 738, 10145, 242.000000, 0, 0 
1478, 739, 10131, 242.000000, 0, 0 
1480, 740, 10116, 242.000000, 0, 0 
1482, 741, 10127, 242.000000, 0, 0 
1484, 742, 10127, 242.000000, 0, 0 
1486, 743, 10134, 242.000000, 0, 0 
1488, 744, 10138, 242.000000, 0, 0 
1490, 745, 10136, 242.000000, 0, 0 
1492, 746, 10143, 242.000000, 0, 0 
1494, 747, 10146, 242.000000, 0, 0 
1496, 748, 10151, 242.000000, 0, 0 
1498, 749, 10154, 242.000000, 0, 0 
1500, 750, 10163, 242.000000, 0, 0 
1502, 751, 10159, 242.000000, 0, 0 
1504, 752, 10179, 242.000000, 0, 0 
1506, 753, 10164, 242.000000, 0, 0 
1508, 754, 10172, 242.000000, 0, 0 
1510, 755, 10178, 242.000000, 0, 0 
1512, 756, 10188, 242.000000, 0, 0 
1514, 757, 10190, 242.000000, 0, 0 
1516, 758, 10188, 242.000000, 0, 0 
1518, 759, 10192, 242.000000, 0, 0 
1520, 760, 10196, 242.000000, 0, 0 
1522, 761, 10203, 242.000000, 0, 0 
1524, 762, 10202, 242.000000, 0, 0 
1526, 763, 10205, 242.000000, 0, 0 
1528, 764, 10212, 242.000000, 0, 0 
1530, 765, 10213, 242.000000, 0, 0 
1532, 766, 10216, 242.000000, 0, 0 
1534, 767, 10221, 242.000000, 0, 0 
1536, 768, 10223, 242.000000, 0, 0 
1538, 769, 10232, 242.000000, 0, 0 
1540, 770, 10230, 242.000000, 0, 0 
1542, 771, 10235, 242.000000, 0, 0 
1544, 772, 10236, 242.000000, 0, 0 
1546, 773, 10241, 242.000000, 0, 0 
1548, 774, 10243, 242.000000, 0, 0 
1550, 775, 10259, 242.000000, 0, 0 
1552, 776, 10270, 242.000000, 0, 0 
1554, 777, 10279, 244.000000, 0, 0 
1556, 778, 10265, 242.000000, 0, 0 
1558, 779, 10255, 242.000000, 0, 0 
1560, 780, 10276, 242.000000, 0, 0 
1562, 781, 10274, 242.000000, 0, 0 
1564, 782, 10275, 242.000000, 0, 0 
1566, 783, 10274, 242.000000, 0, 0 
1568, 784, 10275, 242.000000, 0, 0 
1570, 785, 10280, 242.000000, 0, 0 
1572, 786, 10287, 242.000000, 0, 0 
1574, 787, 10291, 242.000000, 0, 0 
1576, 788, 10293, 242.000000, 0, 0 
1578, 789, 10302, 242.000000, 0, 0 
1580, 790, 10301, 242.000000, 0, 0 
1582, 791, 10306, 242.000000, 0, 0 
1584, 792, 10315, 242.000000, 0, 0 
1586, 793, 10322, 242.000000, 0, 0 
1588, 794, 10315, 242.000000, 0, 0 
1590, 795, 10320, 242.000000, 0, 0 
1592, 796, 10319, 242.000000, 0, 0 
1594, 797, 10329, 242.000000, 0, 0 
1596, 798, 10328, 242.000000, 0, 0 
1598, 799, 10339, 242.000000, 0, 0 
1600, 800, 10334, 242.000000, 0, 0 
1602, 801, 10344, 242.000000, 0, 0 
1604, 802, 10342, 242.000000, 0, 0 
1606, 803, 10343, 242.000000, 0, 0 
1608, 804, 10349, 242.000000, 0, 0 
1610, 805, 10353, 242.000000, 0, 0 
1612, 806, 10353, 242.000000, 0, 0 
1614, 807, 10360, 242.000000, 0, 0 
1616, 808, 10362, 242.000000, 0, 0 
1618, 809, 10365, 242.000000, 0, 0 
1620, 810, 10370, 242.000000, 0, 0 
1622, 811, 10371, 242.000000, 0, 0 
1624, 812, 10379, 242.000000, 0, 0 
1626, 813, 10373, 242.000000, 0, 0 
1628, 814, 10384, 242.000000, 0, 0 
1630, 815, 10411, 242.000000, 0, 0 
1632, 816, 10399, 242.000000, 0, 0 
1634, 817, 10386, 245.000000, 0, 0 
1636, 818, 10399, 242.000000, 0, 0 
1638, 819, 10394, 242.000000, 0, 0 
1640, 820, 10402, 242.000000, 0, 0 
1642, 821, 10402, 242.000000, 0, 0 
1644, 822, 10406, 242.000000, 0, 0 
1646, 823, 10408, 242.000000, 0, 0 
1648, 824, 10413, 242.000000, 0, 0 
1650, 825, 10413, 242.000000, 0, 0 
1652, 826, 10415, 242.000000, 0, 0 
1654, 827, 10425, 242.000000, 0, 0 
1656, 828, 10423, 242.000000, 0, 0 
1658, 829, 10436, 242.000000, 0, 0 
1660, 830, 10433, 242.000000, 0, 0 
1662, 831, 10433, 242.000000, 0, 0 
1664, 832, 10439, 242.000000, 0, 0 
1666, 833, 10447, 242.000000, 0, 0 
1668, 834, 10446, 242.000000, 0, 0 
1670, 835, 10448, 242.000000, 0, 0 
1672, 836, 10449, 242.000000, 0, 0 
1674, 837, 10450, 242.000000, 0, 0 
1676, 838, 10457, 242.000000, 0, 0 
1678, 839, 10457, 242.000000, 0, 0 
1680, 840, 10462, 242.000000, 0, 0 
1682, 841, 10463, 242.000000, 0, 0 
1684, 842, 10468, 242.000000, 0, 0 
1686, 843, 10469, 242.000000, 0, 0 
1688, 844, 10470, 242.000000, 0, 0 
1690, 845, 10478, 242.000000, 0, 0 
1692, 846, 10481, 242.000000, 0, 0 
1694, 847, 10479, 242.000000, 0, 0 
1696, 848, 10484, 242.000000, 0, 0 
1698, 849, 10485, 242.000000, 0, 0 
1700, 850, 10492, 242.000000, 0, 0 
1702, 851, 10489, 242.000000, 0, 0 
1704, 852, 10506, 242.000000, 0, 0 
1706, 853, 10511, 242.000000, 0, 0 
1708, 854, 10521, 242.000000, 0, 0 
1710, 855, 10511, 242.000000, 0, 0 
1712, 856, 10498, 242.000000, 0, 0 
1714, 857, 10518, 242.000000, 0, 0 
1716, 858, 10519, 242.000000, 0, 0 
1718, 859, 10516, 242.000000, 0, 0 
1720, 860, 10516, 242.000000, 0, 0 
1722, 861, 10520, 242.000000, 0, 0 
1724, 862, 10520, 242.000000, 0, 0 
1726, 863, 10527, 242.000000, 0, 0 
1728, 864, 10531, 242.000000, 0, 0 
1730, 865, 10532, 242.000000, 0, 0 
1732, 866, 10535, 242.000000, 0, 0 
1734, 867, 10541, 242.000000, 0, 0 
1736, 868, 10543, 242.000000, 0, 0 
1738, 869, 10544, 242.000000, 0, 0 
1740, 870, 10560, 242.000000, 0, 0 
1742, 871, 10551, 242.000000, 0, 0 
1744, 872, 10553, 242.000000, 0, 0 
1746, 873, 10556, 242.000000, 0, 0 
1748, 874, 10566, 242.000000, 0, 0 
1750, 875, 10561, 242.000000, 0, 0 
1752, 876, 10569, 242.000000, 0, 0 
1754, 877, 10566, 242.000000, 0, 0 
1756, 878, 10568, 242.000000, 0, 0 
1758, 879, 10572, 242.000000, 0, 0 
1760, 880, 10577, 242.000000, 0, 0 
1762, 881, 10577, 242.000000, 0, 0 
1764, 882, 10582, 242.000000, 0, 0 
1766, 883, 10582, 242.000000, 0, 0 
1768, 884, 10588, 242.000000, 0, 0 
1770, 885, 10587, 242.000000, 0, 0 
1772, 886, 10593, 242.000000, 0, 0 
1774, 887, 10597, 242.000000, 0, 0 
1776, 888, 10598, 242.000000, 0, 0 
1778, 889, 10600, 242.000000, 0, 0 
1780, 890, 10600, 242.000000, 0, 0 
1782, 891, 10611, 242.000000, 0, 0 
1784, 892, 10632, 242.000000, 0, 0 
1786, 893, 10621, 242.000000, 0, 0 
1788, 894, 10611, 245.000000, 0, 0 
1790, 895, 10620, 242.000000, 0, 0 
1792, 896, 10615, 242.000000, 0, 0 
1794, 897, 10617, 242.000000, 0, 0 
1796, 898, 10625, 242.000000, 0, 0 
1798, 899, 10626, 242.000000, 0, 0 
1800, 900, 10628, 242.000000, 0, 0 
1802, 901, 10630, 242.000000, 0, 0 
1804, 902, 10637, 242.000000, 0, 0 
1806, 903, 10638, 242.000000, 0, 0 
1808, 904, 10643, 242.000000, 0, 0 
1810, 905, 10639, 242.000000, 0, 0 
1812, 906, 10652, 242.000000, 0, 0 
1814, 907, 10650, 242.000000, 0, 0 
1816, 908, 10652, 242.000000, 0, 0 
1818, 909, 10652, 242.000000, 0, 0 
1820, 910, 10658, 242.000000, 0, 0 
1822, 911, 10660, 242.000000, 0, 0 
1824, 912, 10661, 242.000000, 0, 0 
1826, 913, 10666, 242.000000, 0, 0 
1828, 914, 10664, 242.000000, 0, 0 
1830, 915, 10669, 242.000000, 0, 0 
1832, 916, 10669, 242.000000, 0, 0 
1834, 917, 10672, 242.000000, 0, 0 
1836, 918, 10678, 242.000000, 0, 0 
1838, 919, 10677, 242.000000, 0, 0 
1840, 920, 10679, 242.000000, 0, 0 
1842, 921, 10680, 242.000000, 0, 0 
1844, 922, 10683, 242.000000, 0, 0 
1846, 923, 10692, 242.000000, 0, 0 
1848, 924, 10689, 242.000000, 0, 0 
1850, 925, 10691, 242.000000, 0, 0 
1852, 926, 10692, 242.000000, 0, 0 
1854, 927, 10695, 242.000000, 0, 0 
1856, 928, 10696, 242.000000, 0, 0 
1858, 929, 10712, 242.000000, 0, 0 
1860, 930, 10719, 242.000000, 0, 0 
1862, 931, 10725, 244.000000, 0, 0 
1864, 932, 10714, 242.000000, 0, 0 
1866, 933, 10702, 242.000000, 0, 0 
1868, 934, 10721, 242.000000, 0, 0 
1870, 935, 10720, 242.000000, 0, 0 
1872, 936, 10720, 242.000000, 0, 0 
1874, 937, 10722, 242.000000, 0, 0 
1876, 938, 10719, 242.000000, 0, 0 
1878, 939, 10722, 242.000000, 0, 0 
1880, 940, 10728, 242.000000, 0, 0 
1882, 941, 10728, 242.000000, 0, 0 
1884, 942, 10732, 242.000000, 0, 0 
1886, 943, 10735, 242.000000, 0, 0 
1888, 944, 10739, 242.000000, 0, 0 
1890, 945, 10746, 242.000000, 0, 0 
1892, 946, 10747, 242.000000, 0, 0 
1894, 947, 10745, 242.000000, 0, 0 
1896, 948, 10748, 242.000000, 0, 0 
1898, 949, 10750, 242.000000, 0, 0 
1900, 950, 10750, 242.000000, 0, 0 
1902, 951, 10756, 242.000000, 0, 0 
1904, 952, 10759, 242.000000, 0, 0 
1906, 953, 10765, 242.000000, 0, 0 
1908, 954, 10764, 242.000000, 0, 0 
1910, 955, 10773, 242.000000, 0, 0 
1912, 956, 10766, 242.000000, 0, 0 
1914, 957, 10767, 242.000000, 0, 0 
1916, 958, 10770, 242.000000, 0, 0 
1918, 959, 10775, 242.000000, 0, 0 
1920, 960, 10772, 242.000000, 0, 0 
1922, 961, 10779, 242.000000, 0, 0 
1924, 962, 10783, 242.000000, 0, 0 
1926, 963, 10784, 242.000000, 0, 0 
1928, 964, 10786, 242.000000, 0, 0 
1930, 965, 10790, 242.000000, 0, 0 
1932, 966, 10794, 242.000000, 0, 0 
1934, 967, 10793, 242.000000, 0, 0 
1936, 968, 10797, 242.000000, 0, 0 
1938, 969, 10819, 242.000000, 0, 0 
1940, 970, 10808, 242.000000, 0, 0 
1942, 971, 10798, 242.000000, 0, 0 
1944, 972, 10804, 242.000000, 0, 0 
1946, 973, 10803, 242.000000, 0, 0 
1948, 974, 10806, 242.000000, 0, 0 
1950, 975, 10809, 242.000000, 0, 0 
1952, 976, 10808, 242.000000, 0, 0 
1954, 977, 10813, 242.000000, 0, 0 
1956, 978, 10815, 242.000000, 0, 0 
1958, 979, 10818, 242.000000, 0, 0 
1960, 980, 10820, 242.000000, 0, 0 
1962, 981, 10827, 242.000000, 0, 0 
1964, 982, 10824, 242.000000, 0, 0 
1966, 983, 10837, 242.000000, 0, 0 
1968, 984, 10834, 242.000000, 0, 0 
1970, 985, 10833, 242.000000, 0, 0 
1972, 986, 10837, 242.000000, 0, 0 
1974, 987, 10842, 242.000000, 0, 0 
1976, 988, 10845, 242.000000, 0, 0 
1978, 989, 10844, 242.000000, 0, 0 
1980, 990, 10846, 242.000000, 0, 0 
1982, 991, 10846, 242.000000, 0, 0 
1984, 992, 10853, 242.000000, 0, 0 
1986, 993, 10853, 242.000000, 0, 0 
1988, 994, 10854, 242.000000, 0, 0 
1990, 995, 10861, 242.000000, 0, 0 
1992, 996, 10860, 242.000000, 0, 0 
1994, 997, 10861, 242.000000, 0, 0 
1996, 998, 10863, 242.000000, 0, 0 
1998, 999, 10865, 242.000000, 0, 0 
2000, 1000, 10871, 242.000000, 0, 0 
2002, 1001, 10867, 242.000000, 0, 0 
2004, 1002, 10872, 242.000000, 0, 0 
2006, 1003, 10873, 242.000000, 0, 0 
2008, 1004, 10875, 242.000000, 0, 0 
2010, 1005, 10876, 242.000000, 0, 0 
2012, 1006, 10888, 242.000000, 0, 0 
2014, 1007, 10893, 242.000000, 0, 0 
2016, 1008, 10901, 242.000000, 0, 0 
2018, 1009, 10890, 242.000000, 0, 0 
2020, 1010, 10880, 242.000000, 0, 0 
2022, 1011, 10897, 242.000000, 0, 0 
2024, 1012, 10895, 242.000000, 0, 0 
2026, 1013, 10893, 242.000000, 0, 0 
2028, 1014, 10893, 242.000000, 0, 0 
2030, 1015, 10893, 242.000000, 0, 0 
2032, 1016, 10895, 242.000000, 0, 0 
2034, 1017, 10900, 242.000000, 0, 0 
2036, 1018, 10900, 242.000000, 0, 0 
2038, 1019, 10902, 242.000000, 0, 0 
2040, 1020, 10904, 242.000000, 0, 0 
2042, 1021, 10906, 242.000000, 0, 0 
2044, 1022, 10910, 242.000000, 0, 0 
2046, 1023, 10914, 242.000000, 0, 0 
2048, 1024, 10912, 242.000000, 0, 0 
2050, 1025, 10915, 242.000000, 0, 0 
2052, 1026, 10917, 242.000000, 0, 0 
2054, 1027, 10918, 242.000000, 0, 0 
2056, 1028, 10922, 242.000000, 0, 0 
2058, 1029, 10918, 242.000000, 0, 0 
2060, 1030, 10929, 242.000000, 0, 0 
2062, 1031, 10927, 242.000000, 0, 0 
2064, 1032, 10933, 242.000000, 0, 0 
2066, 1033, 10934, 242.000000, 0, 0 
2068, 1034, 10935, 242.000000, 0, 0 
2070, 1035, 10937, 242.000000, 0, 0 
2072, 1036, 10940, 242.000000, 0, 0 
2074, 1037, 10937, 242.000000, 0, 0 
2076, 1038, 10943, 242.000000, 0, 0 
2078, 1039, 10945, 242.000000, 0, 0 
2080, 1040, 10946, 242.000000, 0, 0 
2082, 1041, 10946, 242.000000, 0, 0 
2084, 1042, 10950, 242.000000, 0, 0 
2086, 1043, 10952, 242.000000, 0, 0 
2088, 1044, 10951, 242.000000, 0, 0 
2090, 1045, 10962, 242.000000, 0, 0 
2092, 1046, 10982, 242.000000, 0, 0 
2094, 1047, 10971, 242.000000, 0, 0 
2096, 1048, 10960, 242.000000, 0, 0 
2098, 1049, 10965, 242.000000, 0, 0 
2100, 1050, 10963, 242.000000, 0, 0 
2102, 1051, 10966, 242.000000, 0, 0 
2104, 1052, 10968, 242.000000, 0, 0 
2106, 1053, 10968, 242.000000, 0, 0 
2108, 1054, 10972, 242.000000, 0, 0 
2110, 1055, 10973, 242.000000, 0, 0 
2112, 1056, 10979, 242.000000, 0, 0 
2114, 1057, 10980, 242.000000, 0, 0 
2116, 1058, 10985, 242.000000, 0, 0 
2118, 1059, 10980, 242.000000, 0, 0 
2120, 1060, 10990, 242.000000, 0, 0 
2122, 1061, 10987, 242.000000, 0, 0 
2124, 1062, 10987, 242.000000, 0, 0 
2126, 1063, 10991, 242.000000, 0, 0 
2128, 1064, 10994, 242.000000, 0, 0 
2130, 1065, 11000, 242.000000, 0, 0 
2132, 1066, 10998, 242.000000, 0, 0 
2134, 1067, 10998, 242.000000, 0, 0 
2136, 1068, 10996, 242.000000, 0, 0 
2138, 1069, 11002, 242.000000, 0, 0 
2140, 1070, 11002, 242.000000, 0, 0 
2142, 1071, 11003, 242.000000, 0, 0 
2144, 1072, 11009, 242.000000, 0, 0 
2146, 1073, 11012, 242.000000, 0, 0 
2148, 1074, 11011, 242.000000, 0, 0 
2150, 1075, 11011, 242.000000, 0, 0 
2152, 1076, 11012, 242.000000, 0, 0 
2154, 1077, 11017, 242.000000, 0, 0 
2156, 1078, 11013, 242.000000, 0, 0 
2158, 1079, 11018, 242.000000, 0, 0 
2160, 1080, 11023, 242.000000, 0, 0 
2162, 1081, 11024, 242.000000, 0, 0 
2164, 1082, 11022, 242.000000, 0, 0 
2166, 1083, 11033, 242.000000, 0, 0 
2168, 1084, 11037, 242.000000, 0, 0 
2170, 1085, 11045, 243.000000, 0, 0 
2172, 1086, 11035, 242.000000, 0, 0 
2174, 1087, 11029, 242.000000, 0, 0 
2176, 1088, 11043, 242.000000, 0, 0 
2178, 1089, 11039, 242.000000, 0, 0 
2180, 1090, 11038, 242.000000, 0, 0 
2182, 1091, 11038, 242.000000, 0, 0 
2184, 1092, 11038, 242.000000, 0, 0 
2186, 1093, 11045, 242.000000, 0, 0 
2188, 1094, 11048, 242.000000, 0, 0 
2190, 1095, 11046, 242.000000, 0, 0 
2192, 1096, 11047, 242.000000, 0, 0 
2194, 1097, 11049, 242.000000, 0, 0 
2196, 1098, 11052, 242.000000, 0, 0 
2198, 1099, 11060, 242.000000, 0, 0 
2200, 1100, 11058, 242.000000, 0, 0 
2202, 1101, 11057, 242.000000, 0, 0 
2204, 1102, 11059, 242.000000, 0, 0 
2206, 1103, 11061, 242.000000, 0, 0 
2208, 1104, 11062, 242.000000, 0, 0 
2210, 1105, 11069, 242.000000, 0, 0 
2212, 1106, 11068, 242.000000, 0, 0 
2214, 1107, 11071, 242.000000, 0, 0 
2216, 1108, 11068, 242.000000, 0, 0 
2218, 1109, 11076, 242.000000, 0, 0 
2220, 1110, 11077, 242.000000, 0, 0 
2222, 1111, 11076, 242.000000, 0, 0 
2224, 1112, 11076, 242.000000, 0, 0 
2226, 1113, 11080, 242.000000, 0, 0 
2228, 1114, 11078, 242.000000, 0, 0 
2230, 1115, 11088, 242.000000, 0, 0 
2232, 1116, 11085, 242.000000, 0, 0 
2234, 1117, 11086, 242.000000, 0, 0 
2236, 1118, 11086, 242.000000, 0, 0 
2238, 1119, 11090, 242.000000, 0, 0 
2240, 1120, 11096, 242.000000, 0, 0 
2242, 1121, 11092, 242.000000, 0, 0 
2244, 1122, 11096, 242.000000, 0, 0 
2246, 1123, 11115, 242.000000, 0, 0 
2248, 1124, 11106, 242.000000, 0, 0 
2250, 1125, 11101, 245.000000, 0, 0 
2252, 1126, 11104, 242.000000, 0, 0 
2254, 1127, 11099, 242.000000, 0, 0 
2256, 1128, 11103, 242.000000, 0, 0 
2258, 1129, 11106, 242.000000, 0, 0 
2260, 1130, 11108, 242.000000, 0, 0 
2262, 1131, 11109, 242.000000, 0, 0 
2264, 1132, 11109, 242.000000, 0, 0 
2266, 1133, 11115, 242.000000, 0, 0 
2268, 1134, 11118, 242.000000, 0, 0 
2270, 1135, 11120, 242.000000, 0, 0 
2272, 1136, 11115, 242.000000, 0, 0 
2274, 1137, 11125, 242.000000, 0, 0 
2276, 1138, 11123, 242.000000, 0, 0 
2278, 1139, 11125, 242.000000, 0, 0 
2280, 1140, 11126, 242.000000, 0, 0 
2282, 1141, 11128, 242.000000, 0, 0 
2284, 1142, 11130, 242.000000, 0, 0 
2286, 1143, 11133, 242.000000, 0, 0 
2288, 1144, 11131, 242.000000, 0, 0 
2290, 1145, 11129, 242.000000, 0, 0 
2292, 1146, 11135, 242.000000, 0, 0 
2294, 1147, 11140, 242.000000, 0, 0 
2296, 1148, 11137, 242.000000, 0, 0 
2298, 1149, 11138, 242.000000, 0, 0 
2300, 1150, 11140, 242.000000, 0, 0 
2302, 1151, 11146, 242.000000, 0, 0 
2304, 1152, 11143, 242.000000, 0, 0 
2306, 1153, 11143, 242.000000, 0, 0 
2308, 1154, 11148, 242.000000, 0, 0 
2310, 1155, 11150, 242.000000, 0, 0 
2312, 1156, 11150, 242.000000, 0, 0 
2314, 1157, 11149, 242.000000, 0, 0 
2316, 1158, 11151, 242.000000, 0, 0 
2318, 1159, 11156, 242.000000, 0, 0 
2320, 1160, 11164, 242.000000, 0, 0 
2322, 1161, 11165, 242.000000, 0, 0 
2324, 1162, 11173, 245.000000, 0, 0 
2326, 1163, 11168, 242.000000, 0, 0 
2328, 1164, 11155, 242.000000, 0, 0 
2330, 1165, 11169, 242.000000, 0, 0 
2332, 1166, 11167, 242.000000, 0, 0 
2334, 1167, 11170, 242.000000, 0, 0 
2336, 1168, 11166, 242.000000, 0, 0 
2338, 1169, 11166, 242.000000, 0, 0 
2340, 1170, 11168, 242.000000, 0, 0 
2342, 1171, 11175, 242.000000, 0, 0 
2344, 1172, 11172, 242.000000, 0, 0 
2346, 1173, 11175, 242.000000, 0, 0 
2348, 1174, 11181, 242.000000, 0, 0 
2350, 1175, 11179, 242.000000, 0, 0 
2352, 1176, 11181, 242.000000, 0, 0 
2354, 1177, 11185, 242.000000, 0, 0 
2356, 1178, 11186, 242.000000, 0, 0 
2358, 1179, 11185, 242.000000, 0, 0 
2360, 1180, 11186, 242.000000, 0, 0 
2362, 1181, 11192, 242.000000, 0, 0 
2364, 1182, 11192, 242.000000, 0, 0 
2366, 1183, 11185, 242.000000, 0, 0 
2368, 1184, 11195, 242.000000, 0, 0 
2370, 1185, 11197, 242.000000, 0, 0 
2372, 1186, 11199, 242.000000, 0, 0 
2374, 1187, 11197, 242.000000, 0, 0 
2376, 1188, 11203, 242.000000, 0, 0 
2378, 1189, 11201, 242.000000, 0, 0 
2380, 1190, 11203, 242.000000, 0, 0 
2382, 1191, 11201, 242.000000, 0, 0 
2384, 1192, 11209, 242.000000, 0, 0 
2386, 1193, 11208, 242.000000, 0, 0 
2388, 1194, 11208, 242.000000, 0, 0 
2390, 1195, 11213, 242.000000, 0, 0 
2392, 1196, 11211, 242.000000, 0, 0 
2394, 1197, 11213, 242.000000, 0, 0 
2396, 1198, 11217, 242.000000, 0, 0 
2398, 1199, 11219, 242.000000, 0, 0 
2400, 1200, 11234, 242.000000, 0, 0 
2402, 1201, 11227, 242.000000, 0, 0 
2404, 1202, 11220, 242.000000, 0, 0 
2406, 1203, 11221, 242.000000, 0, 0 
2408, 1204, 11222, 242.000000, 0, 0 
2410, 1205, 11227, 242.000000, 0, 0 
2412, 1206, 11225, 242.000000, 0, 0 
2414, 1207, 11225, 242.000000, 0, 0 
2416, 1208, 11232, 242.000000, 0, 0 
2418, 1209, 11229, 242.000000, 0, 0 
2420, 1210, 11233, 242.000000, 0, 0 
2422, 1211, 11237, 242.000000, 0, 0 
2424, 1212, 11237, 242.000000, 0, 0 
2426, 1213, 11233, 242.000000, 0, 0 
2428, 1214, 11249, 242.000000, 0, 0 
2430, 1215, 11241, 242.000000, 0, 0 
2432, 1216, 11239, 242.000000, 0, 0 
2434, 1217, 11247, 242.000000, 0, 0 
2436, 1218, 11246, 242.000000, 0, 0 
2438, 1219, 11246, 242.000000, 0, 0 
2440, 1220, 11262, 242.000000, 0, 0 
2442, 1221, 11249, 242.000000, 0, 0 
2444, 1222, 11246, 242.000000, 0, 0 
2446, 1223, 11252, 242.000000, 0, 0 
2448, 1224, 11253, 242.000000, 0, 0 
2450, 1225, 11251, 242.000000, 0, 0 
2452, 1226, 11254, 242.000000, 0, 0 
2454, 1227, 11257, 242.000000, 0, 0 
2456, 1228, 11256, 242.000000, 0, 0 
2458, 1229, 11263, 242.000000, 0, 0 
2460, 1230, 11260, 242.000000, 0, 0 
2462, 1231, 11262, 242.000000, 0, 0 
2464, 1232, 11265, 242.000000, 0, 0 
2466, 1233, 11264, 242.000000, 0, 0 
2468, 1234, 11263, 242.000000, 0, 0 
2470, 1235, 11271, 242.000000, 0, 0 
2472, 1236, 11266, 242.000000, 0, 0 
2474, 1237, 11275, 242.000000, 0, 0 
2476, 1238, 11284, 242.000000, 0, 0 
2478, 1239, 11286, 243.000000, 0, 0 
2480, 1240, 11277, 242.000000, 0, 0 
2482, 1241, 11273, 242.000000, 0, 0 
2484, 1242, 11281, 242.000000, 0, 0 
2486, 1243, 11280, 242.000000, 0, 0 
2488, 1244, 11282, 242.000000, 0, 0 
2490, 1245, 11278, 242.000000, 0, 0 
2492, 1246, 11278, 242.000000, 0, 0 
2494, 1247, 11282, 242.000000, 0, 0 
2496, 1248, 11283, 242.000000, 0, 0 
2498, 1249, 11290, 242.000000, 0, 0 
2500, 1250, 11287, 242.000000, 0, 0 
2502, 1251, 11287, 242.000000, 0, 0 
2504, 1252, 11294, 242.000000, 0, 0 
2506, 1253, 11292, 242.000000, 0, 0 
2508, 1254, 11292, 242.000000, 0, 0 
2510, 1255, 11297, 242.000000, 0, 0 
2512, 1256, 11295, 242.000000, 0, 0 
2514, 1257, 11297, 242.000000, 0, 0 
2516, 1258, 11299, 242.000000, 0, 0 
2518, 1259, 11300, 242.000000, 0, 0 
2520, 1260, 11307, 242.000000, 0, 0 
2522, 1261, 11305, 242.000000, 0, 0 
2524, 1262, 11302, 242.000000, 0, 0 
2526, 1263, 11312, 242.000000, 0, 0 
2528, 1264, 11305, 242.000000, 0, 0 
2530, 1265, 11307, 242.000000, 0, 0 
2532, 1266, 11311, 242.000000, 0, 0 
2534, 1267, 11311, 242.000000, 0, 0 
2536, 1268, 11315, 242.000000, 0, 0 
2538, 1269, 11314, 242.000000, 0, 0 
2540, 1270, 11316, 242.000000, 0, 0 
2542, 1271, 11320, 242.000000, 0, 0 
2544, 1272, 11316, 242.000000, 0, 0 
2546, 1273, 11321, 242.000000, 0, 0 
2548, 1274, 11322, 242.000000, 0, 0 
2550, 1275, 11318, 242.000000, 0, 0 
2552, 1276, 11329, 242.000000, 0, 0 
2554, 1277, 11340, 242.000000, 0, 0 
2556, 1278, 11332, 242.000000, 0, 0 
2558, 1279, 11327, 242.000000, 0, 0 
2560, 1280, 11327, 242.000000, 0, 0 
2562, 1281, 11332, 242.000000, 0, 0 
2564, 1282, 11330, 242.000000, 0, 0 
2566, 1283, 11331, 242.000000, 0, 0 
2568, 1284, 11333, 242.000000, 0, 0 
2570, 1285, 11333, 242.000000, 0, 0 
2572, 1286, 11340, 242.000000, 0, 0 
2574, 1287, 11335, 242.000000, 0, 0 
2576, 1288, 11336, 242.000000, 0, 0 
2578, 1289, 11345, 242.000000, 0, 0 
2580, 1290, 11337, 242.000000, 0, 0 
2582, 1291, 11347, 242.000000, 0, 0 
2584, 1292, 11345, 242.000000, 0, 0 
2586, 1293, 11343, 242.000000, 0, 0 
2588, 1294, 11349, 242.000000, 0, 0 
2590, 1295, 11348, 242.000000, 0, 0 
2592, 1296, 11356, 242.000000, 0, 0 
2594, 1297, 11349, 242.000000, 0, 0 
2596, 1298, 11350, 242.000000, 0, 0 
2598, 1299, 11353, 242.000000, 0, 0 
2600, 1300, 11353, 242.000000, 0, 0 
2602, 1301, 11359, 242.000000, 0, 0 
2604, 1302, 11353, 242.000000, 0, 0 
2606, 1303, 11359, 242.000000, 0, 0 
2608, 1304, 11360, 242.000000, 0, 0 
2610, 1305, 11358, 242.000000, 0, 0 
2612, 1306, 11363, 242.000000, 0, 0 
2614, 1307, 11359, 242.000000, 0, 0 
2616, 1308, 11364, 242.000000, 0, 0 
2618, 1309, 11362, 242.000000, 0, 0 
2620, 1310, 11364, 242.000000, 0, 0 
2622, 1311, 11368, 242.000000, 0, 0 
2624, 1312, 11366, 242.000000, 0, 0 
2626, 1313, 11372, 242.000000, 0, 0 
2628, 1314, 11375, 242.000000, 0, 0 
2630, 1315, 11379, 242.000000, 0, 0 
2632, 1316, 11387, 243.000000, 0, 0 
2634, 1317, 11376, 242.000000, 0, 0 
2636, 1318, 11373, 242.000000, 0, 0 
2638, 1319, 11380, 242.000000, 0, 0 
2640, 1320, 11386, 242.000000, 0, 0 
2642, 1321, 11378, 242.000000, 0, 0 
2644, 1322, 11378, 242.000000, 0, 0 
2646, 1323, 11380, 242.000000, 0, 0 
2648, 1324, 11378, 242.000000, 0, 0 
2650, 1325, 11387, 242.000000, 0, 0 
2652, 1326, 11382, 242.000000, 0, 0 
2654, 1327, 11391, 242.000000, 0, 0 
2656, 1328, 11385, 242.000000, 0, 0 
2658, 1329, 11387, 242.000000, 0, 0 
2660, 1330, 11392, 242.000000, 0, 0 
2662, 1331, 11392, 242.000000, 0, 0 
2664, 1332, 11395, 242.000000, 0, 0 
2666, 1333, 11392, 242.000000, 0, 0 
2668, 1334, 11400, 242.000000, 0, 0 
2670, 1335, 11393, 242.000000, 0, 0 
2672, 1336, 11397, 242.000000, 0, 0 
2674, 1337, 11399, 242.000000, 0, 0 
2676, 1338, 11401, 242.000000, 0, 0 
2678, 1339, 11402, 242.000000, 0, 0 
2680, 1340, 11400, 242.000000, 0, 0 
2682, 1341, 11406, 242.000000, 0, 0 
2684, 1342, 11402, 242.000000, 0, 0 
2686, 1343, 11410, 242.000000, 0, 0 
2688, 1344, 11406, 242.000000, 0, 0 
2690, 1345, 11405, 242.000000, 0, 0 
2692, 1346, 11410, 242.000000, 0, 0 
2694, 1347, 11408, 242.000000, 0, 0 
2696, 1348, 11413, 242.000000, 0, 0 
2698, 1349, 11411, 242.000000, 0, 0 
2700, 1350, 11417, 242.000000, 0, 0 
2702, 1351, 11414, 242.000000, 0, 0 
2704, 1352, 11418, 242.000000, 0, 0 
2706, 1353, 11417, 242.000000, 0, 0 
2708, 1354, 11440, 242.000000, 0, 0 
2710, 1355, 11426, 242.000000, 0, 0 
2712, 1356, 11418, 242.000000, 0, 0 
2714, 1357, 11423, 242.000000, 0, 0 
2716, 1358, 11421, 242.000000, 0, 0 
2718, 1359, 11423, 242.000000, 0, 0 
2720, 1360, 11424, 242.000000, 0, 0 
2722, 1361, 11427, 242.000000, 0, 0 
2724, 1362, 11426, 242.000000, 0, 0 
2726, 1363, 11431, 242.000000, 0, 0 
2728, 1364, 11430, 242.000000, 0, 0 
2730, 1365, 11435, 242.000000, 0, 0 
2732, 1366, 11433, 242.000000, 0, 0 
2734, 1367, 11431, 242.000000, 0, 0 
2736, 1368, 11439, 242.000000, 0, 0 
2738, 1369, 11436, 242.000000, 0, 0 
2740, 1370, 11436, 242.000000, 0, 0 
2742, 1371, 11437, 242.000000, 0, 0 
2744, 1372, 11442, 242.000000, 0, 0 
2746, 1373, 11441, 242.000000, 0, 0 
2748, 1374, 11443, 242.000000, 0, 0 
2750, 1375, 11441, 242.000000, 0, 0 
2752, 1376, 11444, 242.000000, 0, 0 
2754, 1377, 11444, 242.000000, 0, 0 
2756, 1378, 11449, 242.000000, 0, 0 
2758, 1379, 11444, 242.000000, 0, 0 
2760, 1380, 11455, 242.000000, 0, 0 
2762, 1381, 11447, 242.000000, 0, 0 
2764, 1382, 11454, 242.000000, 0, 0 
2766, 1383, 11448, 242.000000, 0, 0 
2768, 1384, 11457, 242.000000, 0, 0 
2770, 1385, 11453, 242.000000, 0, 0 
2772, 1386, 11451, 242.000000, 0, 0 
2774, 1387, 11454, 242.000000, 0, 0 
2776, 1388, 11454, 242.000000, 0, 0 
2778, 1389, 11456, 242.000000, 0, 0 
2780, 1390, 11456, 242.000000, 0, 0 
2782, 1391, 11465, 242.000000, 0, 0 
2784, 1392, 11467, 242.000000, 0, 0 
2786, 1393, 11475, 244.000000, 0, 0 
2788, 1394, 11465, 242.000000, 0, 0 
2790, 1395, 11459, 242.000000, 0, 0 
2792, 1396, 11469, 242.000000, 0, 0 
2794, 1397, 11470, 242.000000, 0, 0 
2796, 1398, 11466, 242.000000, 0, 0 
2798, 1399, 11468, 242.000000, 0, 0 
2800, 1400, 11465, 242.000000, 0, 0 
2802, 1401, 11470, 242.000000, 0, 0 
2804, 1402, 11470, 242.000000, 0, 0 
2806, 1403, 11474, 242.000000, 0, 0 
2808, 1404, 11472, 242.000000, 0, 0 
2810, 1405, 11476, 242.000000, 0, 0 
2812, 1406, 11474, 242.000000, 0, 0 
2814, 1407, 11481, 242.000000, 0, 0 
2816, 1408, 11479, 242.000000, 0, 0 
2818, 1409, 11482, 242.000000, 0, 0 
2820, 1410, 11479, 242.000000, 0, 0 
2822, 1411, 11484, 242.000000, 0, 0 
2824, 1412, 11480, 242.000000, 0, 0 
2826, 1413, 11487, 242.000000, 0, 0 
2828, 1414, 11479, 242.000000, 0, 0 
2830, 1415, 11491, 242.000000, 0, 0 
2832, 1416, 11485, 242.000000, 0, 0 
2834, 1417, 11494, 242.000000, 0, 0 
2836, 1418, 11487, 242.000000, 0, 0 
2838, 1419, 11492, 242.000000, 0, 0 
2840, 1420, 11489, 242.000000, 0, 0 
2842, 1421, 11496, 242.000000, 0, 0 
2844, 1422, 11490, 242.000000, 0, 0 
2846, 1423, 11498, 242.000000, 0, 0 
2848, 1424, 11496, 242.000000, 0, 0 
2850, 1425, 11499, 243.000000, 0, 0 
2852, 1426, 11496, 242.000000, 0, 0 
2854, 1427, 11501, 242.000000, 0, 0 
2856, 1428, 11499, 242.000000, 0, 0 
2858, 1429, 11500, 242.000000, 0, 0 
2860, 1430, 11502, 242.000000, 0, 0 
2862, 1431, 11519, 242.000000, 0, 0 
2864, 1432, 11509, 242.000000, 0, 0 
2866, 1433, 11503, 242.000000, 0, 0 
2868, 1434, 11505, 242.000000, 0, 0 
2870, 1435, 11506, 242.000000, 0, 0 
2872, 1436, 11506, 242.000000, 0, 0 
2874, 1437, 11508, 242.000000, 0, 0 
2876, 1438, 11507, 242.000000, 0, 0 
2878, 1439, 11510, 242.000000, 0, 0 
2880, 1440, 11510, 242.000000, 0, 0 
2882, 1441, 11513, 242.000000, 0, 0 
2884, 1442, 11520, 242.000000, 0, 0 
2886, 1443, 11515, 242.000000, 0, 0 
2888, 1444, 11520, 242.000000, 0, 0 
2890, 1445, 11520, 242.000000, 0, 0 
2892, 1446, 11524, 242.000000, 0, 0 
2894, 1447, 11517, 242.000000, 0, 0 
2896, 1448, 11524, 242.000000, 0, 0 
2898, 1449, 11521, 242.000000, 0, 0 
2900, 1450, 11527, 242.000000, 0, 0 
2902, 1451, 11521, 242.000000, 0, 0 
2904, 1452, 11527, 242.000000, 0, 0 
2906, 1453, 11522, 242.000000, 0, 0 
2908, 1454, 11529, 242.000000, 0, 0 
2910, 1455, 11526, 242.000000, 0, 0 
2912, 1456, 11528, 242.000000, 0, 0 
2914, 1457, 11530, 242.000000, 0, 0 
2916, 1458, 11530, 242.000000, 0, 0 
2918, 1459, 11530, 242.000000, 0, 0 
2920, 1460, 11530, 242.000000, 0, 0 
2922, 1461, 11531, 242.000000, 0, 0 
2924, 1462, 11534, 242.000000, 0, 0 
2926, 1463, 11538, 242.000000, 0, 0 
2928, 1464, 11534, 242.000000, 0, 0 
2930, 1465, 11540, 242.000000, 0, 0 
2932, 1466, 11536, 242.000000, 0, 0 
2934, 1467, 11540, 242.000000, 0, 0 
2936, 1468, 11543, 242.000000, 0, 0 
2938, 1469, 11550, 242.000000, 0, 0 
2940, 1470, 11552, 243.000000, 0, 0 
2942, 1471, 11546, 242.000000, 0, 0 
2944, 1472, 11538, 242.000000, 0, 0 
2946, 1473, 11549, 242.000000, 0, 0 
2948, 1474, 11547, 242.000000, 0, 0 
2950, 1475, 11544, 242.000000, 0, 0 
2952, 1476, 11552, 242.000000, 0, 0 
2954, 1477, 11544, 242.000000, 0, 0 
2956, 1478, 11551, 242.000000, 0, 0 
2958, 1479, 11549, 242.000000, 0, 0 
2960, 1480, 11553, 242.000000, 0, 0 
2962, 1481, 11550, 242.000000, 0, 0 
2964, 1482, 11554, 242.000000, 0, 0 
2966, 1483, 11552, 242.000000, 0, 0 
2968, 1484, 11556, 242.000000, 0, 0 
2970, 1485, 11557, 242.000000, 0, 0 
2972, 1486, 11555, 242.000000, 0, 0 
2974, 1487, 11564, 242.000000, 0, 0 
2976, 1488, 11558, 242.000000, 0, 0 
2978, 1489, 11563, 242.000000, 0, 0 
2980, 1490, 11560, 242.000000, 0, 0 
2982, 1491, 11565, 242.000000, 0, 0 
2984, 1492, 11564, 242.000000, 0, 0 
2986, 1493, 11563, 242.000000, 0, 0 
2988, 1494, 11563, 242.000000, 0, 0 
2990, 1495, 11564, 242.000000, 0, 0 
2992, 1496, 11573, 242.000000, 0, 0 
2994, 1497, 11566, 242.000000, 0, 0 
2996, 1498, 11575, 242.000000, 0, 0 
2998, 1499, 11566, 242.000000, 0, 0 
3000, 1500, 11574, 242.000000, 0, 0 
3002, 1501, 11572, 242.000000, 0, 0 
3004, 1502, 11574, 242.000000, 0, 0 
3006, 1503, 11572, 242.000000, 0, 0 
3008, 1504, 11574, 242.000000, 0, 0 
3010, 1505, 11583, 242.000000, 0, 0 
3012, 1506, 11573, 242.000000, 0, 0 
3014, 1507, 11583, 242.000000, 0, 0 
3016, 1508, 11591, 242.000000, 0, 0 
3018, 1509, 11588, 242.000000, 0, 0 
3020, 1510, 11577, 245.000000, 0, 0 
3022, 1511, 11582, 242.000000, 0, 0 
3024, 1512, 11579, 242.000000, 0, 0 
3026, 1513, 11581, 242.000000, 0, 0 
3028, 1514, 11589, 242.000000, 0, 0 
3030, 1515, 11581, 242.000000, 0, 0 
3032, 1516, 11589, 242.000000, 0, 0 
3034, 1517, 11584, 242.000000, 0, 0 
3036, 1518, 11588, 242.000000, 0, 0 
3038, 1519, 11587, 242.000000, 0, 0 
3040, 1520, 11590, 242.000000, 0, 0 
3042, 1521, 11595, 242.000000, 0, 0 
3044, 1522, 11594, 242.000000, 0, 0 
3046, 1523, 11597, 242.000000, 0, 0 
3048, 1524, 11591, 242.000000, 0, 0 
3050, 1525, 11595, 242.000000, 0, 0 
3052, 1526, 11596, 242.000000, 0, 0 
3054, 1527, 11597, 242.000000, 0, 0 
3056, 1528, 11603, 242.000000, 0, 0 
3058, 1529, 11596, 242.000000, 0, 0 
3060, 1530, 11602, 242.000000, 0, 0 
3062, 1531, 11599, 242.000000, 0, 0 
3064, 1532, 11602, 242.000000, 0, 0 
3066, 1533, 11599, 242.000000, 0, 0 
3068, 1534, 11601, 242.000000, 0, 0 
3070, 1535, 11612, 242.000000, 0, 0 
3072, 1536, 11602, 242.000000, 0, 0 
3074, 1537, 11607, 242.000000, 0, 0 
3076, 1538, 11603, 242.000000, 0, 0 
3078, 1539, 11609, 242.000000, 0, 0 
3080, 1540, 11604, 242.000000, 0, 0 
3082, 1541, 11606, 242.000000, 0, 0 
3084, 1542, 11613, 242.000000, 0, 0 
3086, 1543, 11608, 242.000000, 0, 0 
3088, 1544, 11611, 242.000000, 0, 0 
3090, 1545, 11615, 242.000000, 0, 0 
3092, 1546, 11619, 242.000000, 0, 0 
3094, 1547, 11624, 243.000000, 0, 0 
3096, 1548, 11615, 242.000000, 0, 0 
3098, 1549, 11614, 242.000000, 0, 0 
3100, 1550, 11619, 242.000000, 0, 0 
3102, 1551, 11620, 242.000000, 0, 0 
3104, 1552, 11617, 242.000000, 0, 0 
3106, 1553, 11615, 242.000000, 0, 0 
3108, 1554, 11622, 242.000000, 0, 0 
3110, 1555, 11616, 242.000000, 0, 0 
3112, 1556, 11623, 242.000000, 0, 0 
3114, 1557, 11620, 242.000000, 0, 0 
3116, 1558, 11621, 242.000000, 0, 0 
3118, 1559, 11630, 242.000000, 0, 0 
3120, 1560, 11622, 242.000000, 0, 0 
3122, 1561, 11626, 242.000000, 0, 0 
3124, 1562, 11627, 242.000000, 0, 0 
3126, 1563, 11627, 242.000000, 0, 0 
3128, 1564, 11628, 242.000000, 0, 0 
3130, 1565, 11628, 242.000000, 0, 0 
3132, 1566, 11633, 242.000000, 0, 0 
3134, 1567, 11630, 242.000000, 0, 0 
3136, 1568, 11633, 242.000000, 0, 0 
3138, 1569, 11633, 242.000000, 0, 0 
3140, 1570, 11631, 242.000000, 0, 0 
3142, 1571, 11638, 242.000000, 0, 0 
3144, 1572, 11633, 242.000000, 0, 0 
3146, 1573, 11637, 242.000000, 0, 0 
3148, 1574, 11636, 242.000000, 0, 0 
3150, 1575, 11637, 242.000000, 0, 0 
3152, 1576, 11642, 242.000000, 0, 0 
3154, 1577, 11639, 242.000000, 0, 0 
3156, 1578, 11643, 242.000000, 0, 0 
3158, 1579, 11641, 242.000000, 0, 0 
3160, 1580, 11640, 242.000000, 0, 0 
3162, 1581, 11649, 242.000000, 0, 0 
3164, 1582, 11643, 242.000000, 0, 0 
3166, 1583, 11644, 242.000000, 0, 0 
3168, 1584, 11646, 242.000000, 0, 0 
3170, 1585, 11658, 242.000000, 0, 0 
3172, 1586, 11659, 242.000000, 0, 0 
3174, 1587, 11645, 242.000000, 0, 0 
3176, 1588, 11651, 242.000000, 0, 0 
3178, 1589, 11648, 242.000000, 0, 0 
3180, 1590, 11648, 242.000000, 0, 0 
3182, 1591, 11656, 242.000000, 0, 0 
3184, 1592, 11649, 242.000000, 0, 0 
3186, 1593, 11654, 242.000000, 0, 0 
3188, 1594, 11652, 242.000000, 0, 0 
3190, 1595, 11652, 242.000000, 0, 0 
3192, 1596, 11659, 242.000000, 0, 0 
3194, 1597, 11657, 242.000000, 0, 0 
3196, 1598, 11656, 242.000000, 0, 0 
3198, 1599, 11669, 242.000000, 0, 0 
3200, 1600, 11658, 242.000000, 0, 0 
3202, 1601, 11663, 242.000000, 0, 0 
3204, 1602, 11661, 242.000000, 0, 0 
3206, 1603, 11663, 242.000000, 0, 0 
3208, 1604, 11671, 242.000000, 0, 0 
3210, 1605, 11661, 242.000000, 0, 0 
3212, 1606, 11666, 242.000000, 0, 0 
3214, 1607, 11662, 242.000000, 0, 0 
3216, 1608, 11665, 242.000000, 0, 0 
3218, 1609, 11672, 242.000000, 0, 0 
3220, 1610, 11665, 242.000000, 0, 0 
3222, 1611, 11671, 242.000000, 0, 0 
3224, 1612, 11668, 242.000000, 0, 0 
3226, 1613, 11667, 242.000000, 0, 0 
3228, 1614, 11673, 242.000000, 0, 0 
3230, 1615, 11669, 242.000000, 0, 0 
3232, 1616, 11673, 242.000000, 0, 0 
3234, 1617, 11677, 242.000000, 0, 0 
3236, 1618, 11671, 242.000000, 0, 0 
3238, 1619, 11675, 242.000000, 0, 0 
3240, 1620, 11673, 242.000000, 0, 0 
3242, 1621, 11672, 242.000000, 0, 0 
3244, 1622, 11687, 242.000000, 0, 0 
3246, 1623, 11683, 242.000000, 0, 0 
3248, 1624, 11689, 242.000000, 0, 0 
3250, 1625, 11689, 242.000000, 0, 0 
3252, 1626, 11673, 242.000000, 0, 0 
3254, 1627, 11688, 242.000000, 0, 0 
3256, 1628, 11682, 242.000000, 0, 0 
3258, 1629, 11680, 242.000000, 0, 0 
3260, 1630, 11687, 242.000000, 0, 0 
3262, 1631, 11680, 242.000000, 0, 0 
3264, 1632, 11683, 242.000000, 0, 0 
3266, 1633, 11684, 242.000000, 0, 0 
3268, 1634, 11683, 242.000000, 0, 0 
3270, 1635, 11689, 242.000000, 0, 0 
3272, 1636, 11686, 242.000000, 0, 0 
3274, 1637, 11686, 242.000000, 0, 0 
3276, 1638, 11692, 242.000000, 0, 0 
3278, 1639, 11691, 242.000000, 0, 0 
3280, 1640, 11691, 242.000000, 0, 0 
3282, 1641, 11699, 242.000000, 0, 0 
3284, 1642, 11691, 242.000000, 0, 0 
3286, 1643, 11695, 242.000000, 0, 0 
3288, 1644, 11694, 242.000000, 0, 0 
3290, 1645, 11690, 242.000000, 0, 0 
3292, 1646, 11702, 242.000000, 0, 0 
3294, 1647, 11695, 242.000000, 0, 0 
3296, 1648, 11696, 242.000000, 0, 0 
3298, 1649, 11704, 242.000000, 0, 0 
3300, 1650, 11697, 242.000000, 0, 0 
3302, 1651, 11701, 242.000000, 0, 0 
3304, 1652, 11701, 242.000000, 0, 0 
3306, 1653, 11698, 242.000000, 0, 0 
3308, 1654, 11706, 242.000000, 0, 0 
3310, 1655, 11703, 242.000000, 0, 0 
3312, 1656, 11702, 242.000000, 0, 0 
3314, 1657, 11709, 242.000000, 0, 0 
3316, 1658, 11704, 242.000000, 0, 0 
3318, 1659, 11707, 242.000000, 0, 0 
3320, 1660, 11712, 242.000000, 0, 0 
3322, 1661, 11707, 242.000000, 0, 0 
3324, 1662, 11723, 242.000000, 0, 0 
3326, 1663, 11714, 242.000000, 0, 0 
3328, 1664, 11707, 242.000000, 0, 0 
3330, 1665, 11715, 242.000000, 0, 0 
3332, 1666, 11709, 242.000000, 0, 0 
3334, 1667, 11710, 242.000000, 0, 0 
3336, 1668, 11718, 242.000000, 0, 0 
3338, 1669, 11711, 242.000000, 0, 0 
3340, 1670, 11713, 242.000000, 0, 0 
3342, 1671, 11721, 242.000000, 0, 0 
3344, 1672, 11716, 242.000000, 0, 0 
3346, 1673, 11720, 242.000000, 0, 0 
3348, 1674, 11727, 242.000000, 0, 0 
3350, 1675, 11715, 242.000000, 0, 0 
3352, 1676, 11725, 242.000000, 0, 0 
3354, 1677, 11720, 242.000000, 0, 0 
3356, 1678, 11718, 242.000000, 0, 0 
3358, 1679, 11724, 242.000000, 0, 0 
3360, 1680, 11722, 242.000000, 0, 0 
3362, 1681, 11723, 242.000000, 0, 0 
3364, 1682, 11728, 242.000000, 0, 0 
3366, 1683, 11723, 242.000000, 0, 0 
3368, 1684, 11723, 242.000000, 0, 0 
3370, 1685, 11732, 242.000000, 0, 0 
3372, 1686, 11725, 242.000000, 0, 0 
3374, 1687, 11726, 242.000000, 0, 0 
3376, 1688, 11735, 242.000000, 0, 0 
3378, 1689, 11727, 242.000000, 0, 0 
3380, 1690, 11730, 242.000000, 0, 0 
3382, 1691, 11740, 242.000000, 0, 0 
3384, 1692, 11728, 242.000000, 0, 0 
3386, 1693, 11735, 242.000000, 0, 0 
3388, 1694, 11729, 242.000000, 0, 0 
3390, 1695, 11731, 242.000000, 0, 0 
3392, 1696, 11735, 242.000000, 0, 0 
3394, 1697, 11733, 242.000000, 0, 0 
3396, 1698, 11732, 242.000000, 0, 0 
3398, 1699, 11744, 242.000000, 0, 0 
3400, 1700, 11742, 242.000000, 0, 0 
3402, 1701, 11746, 244.000000, 0, 0 
3404, 1702, 11745, 242.000000, 0, 0 
3406, 1703, 11732, 242.000000, 0, 0 
3408, 1704, 11742, 242.000000, 0, 0 
3410, 1705, 11747, 242.000000, 0, 0 
3412, 1706, 11740, 242.000000, 0, 0 
3414, 1707, 11739, 242.000000, 0, 0 
3416, 1708, 11745, 242.000000, 0, 0 
3418, 1709, 11740, 242.000000, 0, 0 
3420, 1710, 11743, 242.000000, 0, 0 
3422, 1711, 11749, 242.000000, 0, 0 
3424, 1712, 11743, 242.000000, 0, 0 
3426, 1713, 11745, 242.000000, 0, 0 
3428, 1714, 11752, 242.000000, 0, 0 
3430, 1715, 11747, 242.000000, 0, 0 
3432, 1716, 11750, 242.000000, 0, 0 
3434, 1717, 11755, 242.000000, 0, 0 
3436, 1718, 11748, 242.000000, 0, 0 
3438, 1719, 11751, 242.000000, 0, 0 
3440, 1720, 11757, 242.000000, 0, 0 
3442, 1721, 11751, 242.000000, 0, 0 
3444, 1722, 11753, 242.000000, 0, 0 
3446, 1723, 11762, 242.000000, 0, 0 
3448, 1724, 11752, 242.000000, 0, 0 
3450, 1725, 11755, 242.000000, 0, 0 
3452, 1726, 11762, 242.000000, 0, 0 
3454, 1727, 11754, 242.000000, 0, 0 
3456, 1728, 11757, 242.000000, 0, 0 
3458, 1729, 11766, 242.000000, 0, 0 
3460, 1730, 11755, 242.000000, 0, 0 
3462, 1731, 11761, 242.000000, 0, 0 
3464, 1732, 11767, 242.000000, 0, 0 
3466, 1733, 11760, 242.000000, 0, 0 
3468, 1734, 11762, 242.000000, 0, 0 
3470, 1735, 11770, 242.000000, 0, 0 
3472, 1736, 11762, 242.000000, 0, 0 
3474, 1737, 11763, 242.000000, 0, 0 
3476, 1738, 11773, 242.000000, 0, 0 
3478, 1739, 11776, 242.000000, 0, 0 
3480, 1740, 11771, 242.000000, 0, 0 
3482, 1741, 11772, 242.000000, 0, 0 
3484, 1742, 11766, 242.000000, 0, 0 
3486, 1743, 11767, 242.000000, 0, 0 
3488, 1744, 11775, 242.000000, 0, 0 
3490, 1745, 11768, 242.000000, 0, 0 
3492, 1746, 11768, 242.000000, 0, 0 
3494, 1747, 11777, 242.000000, 0, 0 
3496, 1748, 11769, 242.000000, 0, 0 
3498, 1749, 11770, 242.000000, 0, 0 
3500, 1750, 11778, 242.000000, 0, 0 
3502, 1751, 11773, 242.000000, 0, 0 
3504, 1752, 11772, 242.000000, 0, 0 
3506, 1753, 11784, 242.000000, 0, 0 
3508, 1754, 11771, 242.000000, 0, 0 
3510, 1755, 11774, 242.000000, 0, 0 
3512, 1756, 11783, 242.000000, 0, 0 
3514, 1757, 11778, 242.000000, 0, 0 
3516, 1758, 11778, 242.000000, 0, 0 
3518, 1759, 11783, 242.000000, 0, 0 
3520, 1760, 11778, 242.000000, 0, 0 
3522, 1761, 11777, 242.000000, 0, 0 
3524, 1762, 11786, 242.000000, 0, 0 
3526, 1763, 11780, 242.000000, 0, 0 
3528, 1764, 11779, 242.000000, 0, 0 
3530, 1765, 11786, 242.000000, 0, 0 
3532, 1766, 11782, 242.000000, 0, 0 
3534, 1767, 11782, 242.000000, 0, 0 
3536, 1768, 11786, 242.000000, 0, 0 
3538, 1769, 11784, 242.000000, 0, 0 
3540, 1770, 11786, 242.000000, 0, 0 
3542, 1771, 11786, 242.000000, 0, 0 
3544, 1772, 11795, 242.000000, 0, 0 
3546, 1773, 11785, 242.000000, 0, 0 
3548, 1774, 11789, 242.000000, 0, 0 
3550, 1775, 11795, 242.000000, 0, 0 
3552, 1776, 11793, 242.000000, 0, 0 
3554, 1777, 11796, 242.000000, 0, 0 
3556, 1778, 11807, 245.000000, 0, 0 
3558, 1779, 11793, 242.000000, 0, 0 
3560, 1780, 11787, 242.000000, 0, 0 
3562, 1781, 11802, 242.000000, 0, 0 
3564, 1782, 11794, 242.000000, 0, 0 
3566, 1783, 11793, 242.000000, 0, 0 
3568, 1784, 11798, 242.000000, 0, 0 
3570, 1785, 11792, 242.000000, 0, 0 
3572, 1786, 11793, 242.000000, 0, 0 
3574, 1787, 11800, 242.000000, 0, 0 
3576, 1788, 11796, 242.000000, 0, 0 
3578, 1789, 11796, 242.000000, 0, 0 
3580, 1790, 11800, 242.000000, 0, 0 
3582, 1791, 11807, 242.000000, 0, 0 
3584, 1792, 11800, 242.000000, 0, 0 
3586, 1793, 11803, 242.000000, 0, 0 
3588, 1794, 11808, 242.000000, 0, 0 
3590, 1795, 11801, 242.000000, 0, 0 
3592, 1796, 11802, 242.000000, 0, 0 
3594, 1797, 11808, 242.000000, 0, 0 
3596, 1798, 11804, 242.000000, 0, 0 
3598, 1799, 11800, 242.000000, 0, 0 
3600, 1800, 11811, 242.000000, 0, 0 
3602, 1801, 11805, 242.000000, 0, 0 
3604, 1802, 11805, 242.000000, 0, 0 
3606, 1803, 11809, 242.000000, 0, 0 
3608, 1804, 11816, 242.000000, 0, 0 
3610, 1805, 11807, 242.000000, 0, 0 
3612, 1806, 11811, 242.000000, 0, 0 
3614, 1807, 11816, 242.000000, 0, 0 
3616, 1808, 11811, 242.000000, 0, 0 
3618, 1809, 11809, 242.000000, 0, 0 
3620, 1810, 11818, 242.000000, 0, 0 
3622, 1811, 11812, 242.000000, 0, 0 
3624, 1812, 11812, 242.000000, 0, 0 
3626, 1813, 11818, 242.000000, 0, 0 
3628, 1814, 11813, 242.000000, 0, 0 
3630, 1815, 11815, 242.000000, 0, 0 
3632, 1816, 11829, 242.000000, 0, 0 
3634, 1817, 11830, 242.000000, 0, 0 
3636, 1818, 11815, 242.000000, 0, 0 
3638, 1819, 11818, 242.000000, 0, 0 
3640, 1820, 11824, 242.000000, 0, 0 
3642, 1821, 11818, 242.000000, 0, 0 
3644, 1822, 11818, 242.000000, 0, 0 
3646, 1823, 11823, 242.000000, 0, 0 
3648, 1824, 11820, 242.000000, 0, 0 
3650, 1825, 11820, 242.000000, 0, 0 
3652, 1826, 11823, 242.000000, 0, 0 
3654, 1827, 11834, 242.000000, 0, 0 
3656, 1828, 11824, 242.000000, 0, 0 
3658, 1829, 11823, 242.000000, 0, 0 
3660, 1830, 11835, 242.000000, 0, 0 
3662, 1831, 11826, 242.000000, 0, 0 
3664, 1832, 11824, 242.000000, 0, 0 
3666, 1833, 11831, 242.000000, 0, 0 
3668, 1834, 11829, 242.000000, 0, 0 
3670, 1835, 11828, 242.000000, 0, 0 
3672, 1836, 11830, 242.000000, 0, 0 
3674, 1837, 11837, 242.000000, 0, 0 
3676, 1838, 11829, 242.000000, 0, 0 
3678, 1839, 11830, 242.000000, 0, 0 
3680, 1840, 11836, 242.000000, 0, 0 
3682, 1841, 11830, 242.000000, 0, 0 
3684, 1842, 11831, 242.000000, 0, 0 
3686, 1843, 11836, 242.000000, 0, 0 
3688, 1844, 11839, 242.000000, 0, 0 
3690, 1845, 11832, 242.000000, 0, 0 
3692, 1846, 11835, 242.000000, 0, 0 
3694, 1847, 11844, 242.000000, 0, 0 
3696, 1848, 11833, 242.000000, 0, 0 
3698, 1849, 11835, 242.000000, 0, 0 
3700, 1850, 11840, 242.000000, 0, 0 
3702, 1851, 11837, 242.000000, 0, 0 
3704, 1852, 11836, 242.000000, 0, 0 
3706, 1853, 11844, 242.000000, 0, 0 
3708, 1854, 11853, 242.000000, 0, 0 
3710, 1855, 11849, 243.000000, 0, 0 
3712, 1856, 11842, 242.000000, 0, 0 
3714, 1857, 11843, 242.000000, 0, 0 
3716, 1858, 11845, 242.000000, 0, 0 
3718, 1859, 11843, 242.000000, 0, 0 
3720, 1860, 11845, 242.000000, 0, 0 
3722, 1861, 11851, 242.000000, 0, 0 
3724, 1862, 11841, 242.000000, 0, 0 
3726, 1863, 11842, 242.000000, 0, 0 
3728, 1864, 11851, 242.000000, 0, 0 
3730, 1865, 11845, 242.000000, 0, 0 
3732, 1866, 11845, 242.000000, 0, 0 
3734, 1867, 11849, 242.000000, 0, 0 
3736, 1868, 11856, 242.000000, 0, 0 
3738, 1869, 11849, 242.000000, 0, 0 
3740, 1870, 11851, 242.000000, 0, 0 
3742, 1871, 11855, 242.000000, 0, 0 
3744, 1872, 11850, 242.000000, 0, 0 
3746, 1873, 11850, 242.000000, 0, 0 
3748, 1874, 11853, 242.000000, 0, 0 
3750, 1875, 11864, 242.000000, 0, 0 
3752, 1876, 11852, 242.000000, 0, 0 
3754, 1877, 11854, 242.000000, 0, 0 
3756, 1878, 11859, 242.000000, 0, 0 
3758, 1879, 11857, 242.000000, 0, 0 
3760, 1880, 11854, 242.000000, 0, 0 
3762, 1881, 11858, 242.000000, 0, 0 
3764, 1882, 11865, 242.000000, 0, 0 
3766, 1883, 11857, 242.000000, 0, 0 
3768, 1884, 11855, 242.000000, 0, 0 
3770, 1885, 11864, 242.000000, 0, 0 
3772, 1886, 11858, 242.000000, 0, 0 
3774, 1887, 11859, 242.000000, 0, 0 
3776, 1888, 11861, 242.000000, 0, 0 
3778, 1889, 11869, 242.000000, 0, 0 
3780, 1890, 11861, 242.000000, 0, 0 
3782, 1891, 11859, 242.000000, 0, 0 
3784, 1892, 11868, 242.000000, 0, 0 
3786, 1893, 11874, 242.000000, 0, 0 
3788, 1894, 11868, 242.000000, 0, 0 
3790, 1895, 11863, 245.000000, 0, 0 
3792, 1896, 11872, 242.000000, 0, 0 
3794, 1897, 11864, 242.000000, 0, 0 
3796, 1898, 11865, 242.000000, 0, 0 
3798, 1899, 11870, 242.000000, 0, 0 
3800, 1900, 11875, 242.000000, 0, 0 
3802, 1901, 11867, 242.000000, 0, 0 
3804, 1902, 11867, 242.000000, 0, 0 
3806, 1903, 11876, 242.000000, 0, 0 
3808, 1904, 11872, 242.000000, 0, 0 
3810, 1905, 11871, 242.000000, 0, 0 
3812, 1906, 11871, 242.000000, 0, 0 
3814, 1907, 11883, 242.000000, 0, 0 
3816, 1908, 11869, 242.000000, 0, 0 
3818, 1909, 11871, 242.000000, 0, 0 
3820, 1910, 11877, 242.000000, 0, 0 
3822, 1911, 11885, 242.000000, 0, 0 
3824, 1912, 11875, 242.000000, 0, 0 
3826, 1913, 11874, 242.000000, 0, 0 
3828, 1914, 11881, 242.000000, 0, 0 
3830, 1915, 11875, 242.000000, 0, 0 
3832, 1916, 11877, 242.000000, 0, 0 
3834, 1917, 11879, 242.000000, 0, 0 
3836, 1918, 11885, 242.000000, 0, 0 
3838, 1919, 11878, 242.000000, 0, 0 
3840, 1920, 11878, 242.000000, 0, 0 
3842, 1921, 11882, 242.000000, 0, 0 
3844, 1922, 11889, 242.000000, 0, 0 
3846, 1923, 11879, 242.000000, 0, 0 
3848, 1924, 11882, 242.000000, 0, 0 
3850, 1925, 11885, 242.000000, 0, 0 
3852, 1926, 11881, 242.000000, 0, 0 
3854, 1927, 11881, 242.000000, 0, 0 
3856, 1928, 11884, 242.000000, 0, 0 
3858, 1929, 11890, 242.000000, 0, 0 
3860, 1930, 11888, 242.000000, 0, 0 
3862, 1931, 11889, 242.000000, 0, 0 
3864, 1932, 11897, 244.000000, 0, 0 
3866, 1933, 11897, 242.000000, 0, 0 
3868, 1934, 11883, 242.000000, 0, 0 
3870, 1935, 11890, 242.000000, 0, 0 
3872, 1936, 11894, 242.000000, 0, 0 
3874, 1937, 11888, 242.000000, 0, 0 
3876, 1938, 11887, 242.000000, 0, 0 
3878, 1939, 11887, 242.000000, 0, 0 
3880, 1940, 11894, 242.000000, 0, 0 
3882, 1941, 11890, 242.000000, 0, 0 
3884, 1942, 11889, 242.000000, 0, 0 
3886, 1943, 11892, 242.000000, 0, 0 
3888, 1944, 11899, 242.000000, 0, 0 
3890, 1945, 11892, 242.000000, 0, 0 
3892, 1946, 11893, 242.000000, 0, 0 
3894, 1947, 11898, 242.000000, 0, 0 
3896, 1948, 11903, 242.000000, 0, 0 
3898, 1949, 11895, 242.000000, 0, 0 
3900, 1950, 11897, 242.000000, 0, 0 
3902, 1951, 11899, 242.000000, 0, 0 
3904, 1952, 11907, 242.000000, 0, 0 
3906, 1953, 11894, 242.000000, 0, 0 
3908, 1954, 11898, 242.000000, 0, 0 
3910, 1955, 11903, 242.000000, 0, 0 
3912, 1956, 11901, 242.000000, 0, 0 
3914, 1957, 11899, 242.000000, 0, 0 
3916, 1958, 11899, 242.000000, 0, 0 
3918, 1959, 11906, 242.000000, 0, 0 
3920, 1960, 11902, 242.000000, 0, 0 
3922, 1961, 11900, 242.000000, 0, 0 
3924, 1962, 11904, 242.000000, 0, 0 
3926, 1963, 11909, 242.000000, 0, 0 
3928, 1964, 11904, 242.000000, 0, 0 
3930, 1965, 11903, 242.000000, 0, 0 
3932, 1966, 11906, 242.000000, 0, 0 
3934, 1967, 11913, 242.000000, 0, 0 
3936, 1968, 11904, 242.000000, 0, 0 
3938, 1969, 11906, 242.000000, 0, 0 
3940, 1970, 11919, 242.000000, 0, 0 
3942, 1971, 11920, 242.000000, 0, 0 
3944, 1972, 11906, 242.000000, 0, 0 
3946, 1973, 11908, 242.000000, 0, 0 
3948, 1974, 11911, 242.000000, 0, 0 
3950, 1975, 11918, 242.000000, 0, 0 
3952, 1976, 11909, 242.000000, 0, 0 
3954, 1977, 11908, 242.000000, 0, 0 
3956, 1978, 11914, 242.000000, 0, 0 
3958, 1979, 11920, 242.000000, 0, 0 
3960, 1980, 11911, 242.000000, 0, 0 
3962, 1981, 11911, 242.000000, 0, 0 
3964, 1982, 11919, 242.000000, 0, 0 
3966, 1983, 11923, 242.000000, 0, 0 
3968, 1984, 11917, 242.000000, 0, 0 
3970, 1985, 11911, 242.000000, 0, 0 
3972, 1986, 11919, 242.000000, 0, 0 
3974, 1987, 11926, 242.000000, 0, 0 
3976, 1988, 11917, 242.000000, 0, 0 
3978, 1989, 11917, 242.000000, 0, 0 
3980, 1990, 11922, 242.000000, 0, 0 
3982, 1991, 11929, 242.000000, 0, 0 
3984, 1992, 11917, 242.000000, 0, 0 
3986, 1993, 11919, 242.000000, 0, 0 
3988, 1994, 11924, 242.000000, 0, 0 
3990, 1995, 11930, 242.000000, 0, 0 
3992, 1996, 11920, 242.000000, 0, 0 
3994, 1997, 11920, 242.000000, 0, 0 
3996, 1998, 11927, 242.000000, 0, 0 
3998, 1999, 11932, 242.000000, 0, 0 
4000, 2000, 11922, 242.000000, 0, 0 
4002, 2001, 11924, 242.000000, 0, 0 
4004, 2002, 11927, 242.000000, 0, 0 
4006, 2003, 11935, 242.000000, 0, 0 
4008, 2004, 11923, 242.000000, 0, 0 
4010, 2005, 11924, 242.000000, 0, 0 
4012, 2006, 11929, 242.000000, 0, 0 
4014, 2007, 11941, 242.000000, 0, 0 
4016, 2008, 11932, 242.000000, 0, 0 
4018, 2009, 11935, 245.000000, 0, 0 
4020, 2010, 11935, 242.000000, 0, 0 
4022, 2011, 11936, 242.000000, 0, 0 
4024, 2012, 11932, 242.000000, 0, 0 
4026, 2013, 11930, 242.000000, 0, 0 
4028, 2014, 11934, 242.000000, 0, 0 
4030, 2015, 11940, 242.000000, 0, 0 
4032, 2016, 11929, 242.000000, 0, 0 
4034, 2017, 11929, 242.000000, 0, 0 
4036, 2018, 11936, 242.000000, 0, 0 
4038, 2019, 11941, 242.000000, 0, 0 
4040, 2020, 11932, 242.000000, 0, 0 
4042, 2021, 11932, 242.000000, 0, 0 
4044, 2022, 11937, 242.000000, 0, 0 
4046, 2023, 11945, 242.000000, 0, 0 
4048, 2024, 11936, 242.000000, 0, 0 
4050, 2025, 11935, 242.000000, 0, 0 
4052, 2026, 11939, 242.000000, 0, 0 
4054, 2027, 11946, 242.000000, 0, 0 
4056, 2028, 11937, 242.000000, 0, 0 
4058, 2029, 11938, 242.000000, 0, 0 
4060, 2030, 11941, 242.000000, 0, 0 
4062, 2031, 11948, 242.000000, 0, 0 
4064, 2032, 11939, 242.000000, 0, 0 
4066, 2033, 11941, 242.000000, 0, 0 
4068, 2034, 11942, 242.000000, 0, 0 
4070, 2035, 11948, 242.000000, 0, 0 
4072, 2036, 11941, 242.000000, 0, 0 
4074, 2037, 11942, 242.000000, 0, 0 
4076, 2038, 11942, 242.000000, 0, 0 
4078, 2039, 11950, 242.000000, 0, 0 
4080, 2040, 11944, 242.000000, 0, 0 
4082, 2041, 11944, 242.000000, 0, 0 
4084, 2042, 11944, 242.000000, 0, 0 
4086, 2043, 11952, 242.000000, 0, 0 
4088, 2044, 11946, 242.000000, 0, 0 
4090, 2045, 11944, 242.000000, 0, 0 
4092, 2046, 11947, 242.000000, 0, 0 
4094, 2047, 11962, 242.000000, 0, 0 
4096, 2048, 11962, 242.000000, 0, 0 
4098, 2049, 11947, 245.000000, 0, 0 
4100, 2050, 11949, 242.000000, 0, 0 
4102, 2051, 11952, 242.000000, 0, 0 
4104, 2052, 11958, 242.000000, 0, 0 
4106, 2053, 11950, 242.000000, 0, 0 
4108, 2054, 11949, 242.000000, 0, 0 
4110, 2055, 11953, 242.000000, 0, 0 
4112, 2056, 11959, 242.000000, 0, 0 
4114, 2057, 11953, 242.000000, 0, 0 
4116, 2058, 11954, 242.000000, 0, 0 
4118, 2059, 11955, 242.000000, 0, 0 
4120, 2060, 11959, 242.000000, 0, 0 
4122, 2061, 11957, 242.000000, 0, 0 
4124, 2062, 11955, 242.000000, 0, 0 
4126, 2063, 11954, 242.000000, 0, 0 
4128, 2064, 11961, 242.000000, 0, 0 
4130, 2065, 11968, 242.000000, 0, 0 
4132, 2066, 11958, 242.000000, 0, 0 
4134, 2067, 11956, 242.000000, 0, 0 
4136, 2068, 11961, 242.000000, 0, 0 
4138, 2069, 11966, 242.000000, 0, 0 
4140, 2070, 11959, 242.000000, 0, 0 
4142, 2071, 11958, 242.000000, 0, 0 
4144, 2072, 11960, 242.000000, 0, 0 
4146, 2073, 11968, 242.000000, 0, 0 
4148, 2074, 11960, 242.000000, 0, 0 
4150, 2075, 11957, 242.000000, 0, 0 
4152, 2076, 11961, 242.000000, 0, 0 
4154, 2077, 11967, 242.000000, 0, 0 
4156, 2078, 11975, 242.000000, 0, 0 
4158, 2079, 11961, 242.000000, 0, 0 
4160, 2080, 11962, 242.000000, 0, 0 
4162, 2081, 11967, 242.000000, 0, 0 
4164, 2082, 11973, 242.000000, 0, 0 
4166, 2083, 11963, 242.000000, 0, 0 
4168, 2084, 11968, 242.000000, 0, 0 
4170, 2085, 11973, 242.000000, 0, 0 
4172, 2086, 11982, 245.000000, 0, 0 
4174, 2087, 11969, 242.000000, 0, 0 
4176, 2088, 11964, 242.000000, 0, 0 
4178, 2089, 11971, 242.000000, 0, 0 
4180, 2090, 11975, 242.000000, 0, 0 
4182, 2091, 11980, 242.000000, 0, 0 
4184, 2092, 11968, 242.000000, 0, 0 
4186, 2093, 11967, 242.000000, 0, 0 
4188, 2094, 11972, 242.000000, 0, 0 
4190, 2095, 11979, 242.000000, 0, 0 
4192, 2096, 11970, 242.000000, 0, 0 
4194, 2097, 11970, 242.000000, 0, 0 
4196, 2098, 11974, 242.000000, 0, 0 
4198, 2099, 11979, 242.000000, 0, 0 
4200, 2100, 11974, 242.000000, 0, 0 
4202, 2101, 11973, 242.000000, 0, 0 
4204, 2102, 11973, 242.000000, 0, 0 
4206, 2103, 11979, 242.000000, 0, 0 
4208, 2104, 11985, 242.000000, 0, 0 
4210, 2105, 11974, 242.000000, 0, 0 
4212, 2106, 11976, 242.000000, 0, 0 
4214, 2107, 11979, 242.000000, 0, 0 
4216, 2108, 11986, 242.000000, 0, 0 
4218, 2109, 11977, 242.000000, 0, 0 
4220, 2110, 11979, 242.000000, 0, 0 
4222, 2111, 11978, 242.000000, 0, 0 
4224, 2112, 11983, 242.000000, 0, 0 
4226, 2113, 11990, 242.000000, 0, 0 
4228, 2114, 11980, 242.000000, 0, 0 
4230, 2115, 11978, 242.000000, 0, 0 
4232, 2116, 11984, 242.000000, 0, 0 
4234, 2117, 11991, 242.000000, 0, 0 
4236, 2118, 11982, 243.000000, 0, 0 
4238, 2119, 11981, 242.000000, 0, 0 
4240, 2120, 11982, 242.000000, 0, 0 
4242, 2121, 11989, 242.000000, 0, 0 
4244, 2122, 11993, 242.000000, 0, 0 
4246, 2123, 11985, 242.000000, 0, 0 
4248, 2124, 11994, 242.000000, 0, 0 
4250, 2125, 11992, 242.000000, 0, 0 
4252, 2126, 11992, 242.000000, 0, 0 
4254, 2127, 11987, 242.000000, 0, 0 
4256, 2128, 11985, 242.000000, 0, 0 
4258, 2129, 11986, 242.000000, 0, 0 
4260, 2130, 11993, 242.000000, 0, 0 
4262, 2131, 11997, 242.000000, 0, 0 
4264, 2132, 11988, 242.000000, 0, 0 
4266, 2133, 11987, 242.000000, 0, 0 
4268, 2134, 11990, 242.000000, 0, 0 
4270, 2135, 11997, 242.000000, 0, 0 
4272, 2136, 11992, 242.000000, 0, 0 
4274, 2137, 11989, 242.000000, 0, 0 
4276, 2138, 11993, 242.000000, 0, 0 
4278, 2139, 11997, 242.000000, 0, 0 
4280, 2140, 12002, 242.000000, 0, 0 
4282, 2141, 11992, 242.000000, 0, 0 
4284, 2142, 11994, 242.000000, 0, 0 
4286, 2143, 11996, 242.000000, 0, 0 
4288, 2144, 12001, 242.000000, 0, 0 
4290, 2145, 11995, 242.000000, 0, 0 
4292, 2146, 11993, 242.000000, 0, 0 
4294, 2147, 11995, 242.000000, 0, 0 
4296, 2148, 11999, 242.000000, 0, 0 
4298, 2149, 12004, 242.000000, 0, 0 
4300, 2150, 11996, 242.000000, 0, 0 
4302, 2151, 11996, 242.000000, 0, 0 
4304, 2152, 11997, 242.000000, 0, 0 
4306, 2153, 12003, 242.000000, 0, 0 
4308, 2154, 12009, 242.000000, 0, 0 
4310, 2155, 12000, 242.000000, 0, 0 
4312, 2156, 11997, 242.000000, 0, 0 
4314, 2157, 12001, 242.000000, 0, 0 
4316, 2158, 12007, 242.000000, 0, 0 
4318, 2159, 12000, 242.000000, 0, 0 
4320, 2160, 11999, 242.000000, 0, 0 
4322, 2161, 12004, 242.000000, 0, 0 
4324, 2162, 12010, 242.000000, 0, 0 
4326, 2163, 12020, 244.000000, 0, 0 
4328, 2164, 12005, 242.000000, 0, 0 
4330, 2165, 11999, 242.000000, 0, 0 
4332, 2166, 12007, 242.000000, 0, 0 
4334, 2167, 12011, 242.000000, 0, 0 
4336, 2168, 12015, 242.000000, 0, 0 
4338, 2169, 12004, 242.000000, 0, 0 
4340, 2170, 12003, 242.000000, 0, 0 
4342, 2171, 12006, 242.000000, 0, 0 
4344, 2172, 12013, 242.000000, 0, 0 
4346, 2173, 12006, 242.000000, 0, 0 
4348, 2174, 12006, 242.000000, 0, 0 
4350, 2175, 12006, 242.000000, 0, 0 
4352, 2176, 12011, 242.000000, 0, 0 
4354, 2177, 12018, 242.000000, 0, 0 
4356, 2178, 12010, 242.000000, 0, 0 
4358, 2179, 12009, 242.000000, 0, 0 
4360, 2180, 12009, 242.000000, 0, 0 
4362, 2181, 12017, 242.000000, 0, 0 
4364, 2182, 12020, 242.000000, 0, 0 
4366, 2183, 12012, 242.000000, 0, 0 
4368, 2184, 12011, 242.000000, 0, 0 
4370, 2185, 12014, 242.000000, 0, 0 
4372, 2186, 12018, 242.000000, 0, 0 
4374, 2187, 12024, 242.000000, 0, 0 
4376, 2188, 12013, 242.000000, 0, 0 
4378, 2189, 12013, 242.000000, 0, 0 
4380, 2190, 12016, 243.000000, 0, 0 
4382, 2191, 12022, 242.000000, 0, 0 
4384, 2192, 12014, 242.000000, 0, 0 
4386, 2193, 12016, 242.000000, 0, 0 
4388, 2194, 12015, 242.000000, 0, 0 
4390, 2195, 12020, 242.000000, 0, 0 
4392, 2196, 12025, 242.000000, 0, 0 
4394, 2197, 12018, 242.000000, 0, 0 
4396, 2198, 12018, 242.000000, 0, 0 
4398, 2199, 12017, 242.000000, 0, 0 
4400, 2200, 12023, 242.000000, 0, 0 
4402, 2201, 12038, 242.000000, 0, 0 
4404, 2202, 12024, 242.000000, 0, 0 
4406, 2203, 12019, 245.000000, 0, 0 
4408, 2204, 12020, 242.000000, 0, 0 
4410, 2205, 12024, 242.000000, 0, 0 
4412, 2206, 12031, 242.000000, 0, 0 
4414, 2207, 12022, 242.000000, 0, 0 
4416, 2208, 12021, 242.000000, 0, 0 
4418, 2209, 12022, 242.000000, 0, 0 
4420, 2210, 12028, 242.000000, 0, 0 
4422, 2211, 12033, 242.000000, 0, 0 
4424, 2212, 12024, 242.000000, 0, 0 
4426, 2213, 12025, 242.000000, 0, 0 
4428, 2214, 12024, 242.000000, 0, 0 
4430, 2215, 12034, 242.000000, 0, 0 
4432, 2216, 12037, 242.000000, 0, 0 
4434, 2217, 12026, 242.000000, 0, 0 
4436, 2218, 12027, 242.000000, 0, 0 
4438, 2219, 12029, 242.000000, 0, 0 
4440, 2220, 12035, 242.000000, 0, 0 
4442, 2221, 12039, 242.000000, 0, 0 
4444, 2222, 12029, 242.000000, 0, 0 
4446, 2223, 12028, 242.000000, 0, 0 
4448, 2224, 12031, 242.000000, 0, 0 
4450, 2225, 12036, 242.000000, 0, 0 
4452, 2226, 12041, 242.000000, 0, 0 
4454, 2227, 12030, 242.000000, 0, 0 
4456, 2228, 12030, 242.000000, 0, 0 
4458, 2229, 12032, 242.000000, 0, 0 
4460, 2230, 12037, 242.000000, 0, 0 
4462, 2231, 12043, 242.000000, 0, 0 
4464, 2232, 12033, 242.000000, 0, 0 
4466, 2233, 12031, 242.000000, 0, 0 
4468, 2234, 12034, 242.000000, 0, 0 
4470, 2235, 12040, 242.000000, 0, 0 
4472, 2236, 12046, 242.000000, 0, 0 
4474, 2237, 12033, 242.000000, 0, 0 
4476, 2238, 12038, 242.000000, 0, 0 
4478, 2239, 12041, 242.000000, 0, 0 
4480, 2240, 12050, 242.000000, 0, 0 
4482, 2241, 12050, 242.000000, 0, 0 
4484, 2242, 12033, 242.000000, 0, 0 
4486, 2243, 12040, 242.000000, 0, 0 
4488, 2244, 12040, 242.000000, 0, 0 
4490, 2245, 12044, 242.000000, 0, 0 
4492, 2246, 12049, 242.000000, 0, 0 
4494, 2247, 12037, 242.000000, 0, 0 
4496, 2248, 12037, 242.000000, 0, 0 
4498, 2249, 12040, 242.000000, 0, 0 
4500, 2250, 12045, 242.000000, 0, 0 
4502, 2251, 12051, 242.000000, 0, 0 
4504, 2252, 12040, 242.000000, 0, 0 
4506, 2253, 12041, 242.000000, 0, 0 
4508, 2254, 12043, 242.000000, 0, 0 
4510, 2255, 12049, 242.000000, 0, 0 
4512, 2256, 12053, 242.000000, 0, 0 
4514, 2257, 12043, 242.000000, 0, 0 
4516, 2258, 12043, 242.000000, 0, 0 
4518, 2259, 12043, 242.000000, 0, 0 
4520, 2260, 12050, 242.000000, 0, 0 
4522, 2261, 12055, 242.000000, 0, 0 
4524, 2262, 12046, 242.000000, 0, 0 
4526, 2263, 12045, 242.000000, 0, 0 
4528, 2264, 12045, 242.000000, 0, 0 
4530, 2265, 12050, 242.000000, 0, 0 
4532, 2266, 12056, 242.000000, 0, 0 
4534, 2267, 12047, 242.000000, 0, 0 
4536, 2268, 12048, 242.000000, 0, 0 
4538, 2269, 12046, 242.000000, 0, 0 
4540, 2270, 12053, 242.000000, 0, 0 
4542, 2271, 12057, 242.000000, 0, 0 
4544, 2272, 12050, 242.000000, 0, 0 
4546, 2273, 12049, 242.000000, 0, 0 
4548, 2274, 12051, 242.000000, 0, 0 
4550, 2275, 12054, 242.000000, 0, 0 
4552, 2276, 12058, 242.000000, 0, 0 
4554, 2277, 12053, 242.000000, 0, 0 
4556, 2278, 12061, 242.000000, 0, 0 
4558, 2279, 12056, 242.000000, 0, 0 
4560, 2280, 12053, 245.000000, 0, 0 
4562, 2281, 12061, 242.000000, 0, 0 
4564, 2282, 12065, 242.000000, 0, 0 
4566, 2283, 12054, 242.000000, 0, 0 
4568, 2284, 12054, 242.000000, 0, 0 
4570, 2285, 12054, 242.000000, 0, 0 
4572, 2286, 12061, 242.000000, 0, 0 
4574, 2287, 12066, 242.000000, 0, 0 
4576, 2288, 12055, 242.000000, 0, 0 
4578, 2289, 12056, 242.000000, 0, 0 
4580, 2290, 12057, 242.000000, 0, 0 
4582, 2291, 12061, 242.000000, 0, 0 
4584, 2292, 12070, 242.000000, 0, 0 
4586, 2293, 12059, 242.000000, 0, 0 
4588, 2294, 12058, 242.000000, 0, 0 
4590, 2295, 12059, 242.000000, 0, 0 
4592, 2296, 12064, 242.000000, 0, 0 
4594, 2297, 12070, 242.000000, 0, 0 
4596, 2298, 12060, 242.000000, 0, 0 
4598, 2299, 12060, 242.000000, 0, 0 
4600, 2300, 12059, 242.000000, 0, 0 
4602, 2301, 12064, 242.000000, 0, 0 
4604, 2302, 12068, 242.000000, 0, 0 
4606, 2303, 12074, 242.000000, 0, 0 
4608, 2304, 12062, 242.000000, 0, 0 
4610, 2305, 12062, 242.000000, 0, 0 
4612, 2306, 12063, 242.000000, 0, 0 
4614, 2307, 12068, 242.000000, 0, 0 
4616, 2308, 12074, 242.000000, 0, 0 
4618, 2309, 12065, 242.000000, 0, 0 
4620, 2310, 12063, 242.000000, 0, 0 
4622, 2311, 12064, 242.000000, 0, 0 
4624, 2312, 12068, 242.000000, 0, 0 
4626, 2313, 12074, 242.000000, 0, 0 
4628, 2314, 12065, 242.000000, 0, 0 
4630, 2315, 12070, 242.000000, 0, 0 
4632, 2316, 12071, 242.000000, 0, 0 
4634, 2317, 12077, 242.000000, 0, 0 
4636, 2318, 12077, 242.000000, 0, 0 
4638, 2319, 12077, 242.000000, 0, 0 
4640, 2320, 12072, 242.000000, 0, 0 
4642, 2321, 12070, 242.000000, 0, 0 
4644, 2322, 12069, 242.000000, 0, 0 
4646, 2323, 12074, 242.000000, 0, 0 
4648, 2324, 12079, 242.000000, 0, 0 
4650, 2325, 12069, 242.000000, 0, 0 
4652, 2326, 12070, 242.000000, 0, 0 
4654, 2327, 12070, 242.000000, 0, 0 
4656, 2328, 12074, 242.000000, 0, 0 
4658, 2329, 12080, 242.000000, 0, 0 
4660, 2330, 12085, 242.000000, 0, 0 
4662, 2331, 12073, 242.000000, 0, 0 
4664, 2332, 12074, 242.000000, 0, 0 
4666, 2333, 12074, 242.000000, 0, 0 
4668, 2334, 12080, 242.000000, 0, 0 
4670, 2335, 12085, 242.000000, 0, 0 
4672, 2336, 12074, 242.000000, 0, 0 
4674, 2337, 12075, 242.000000, 0, 0 
4676, 2338, 12072, 242.000000, 0, 0 
4678, 2339, 12081, 242.000000, 0, 0 
4680, 2340, 12085, 242.000000, 0, 0 
4682, 2341, 12079, 242.000000, 0, 0 
4684, 2342, 12077, 242.000000, 0, 0 
4686, 2343, 12077, 242.000000, 0, 0 
4688, 2344, 12079, 242.000000, 0, 0 
4690, 2345, 12085, 242.000000, 0, 0 
4692, 2346, 12089, 242.000000, 0, 0 
4694, 2347, 12080, 242.000000, 0, 0 
4696, 2348, 12080, 242.000000, 0, 0 
4698, 2349, 12080, 242.000000, 0, 0 
4700, 2350, 12083, 242.000000, 0, 0 
4702, 2351, 12090, 242.000000, 0, 0 
4704, 2352, 12082, 242.000000, 0, 0 
4706, 2353, 12080, 242.000000, 0, 0 
4708, 2354, 12082, 242.000000, 0, 0 
4710, 2355, 12092, 242.000000, 0, 0 
4712, 2356, 12093, 242.000000, 0, 0 
4714, 2357, 12093, 242.000000, 0, 0 
4716, 2358, 12084, 242.000000, 0, 0 
4718, 2359, 12082, 242.000000, 0, 0 
4720, 2360, 12083, 242.000000, 0, 0 
4722, 2361, 12087, 242.000000, 0, 0 
4724, 2362, 12092, 242.000000, 0, 0 
4726, 2363, 12098, 242.000000, 0, 0 
4728, 2364, 12085, 242.000000, 0, 0 
4730, 2365, 12087, 242.000000, 0, 0 
4732, 2366, 12086, 242.000000, 0, 0 
4734, 2367, 12093, 242.000000, 0, 0 
4736, 2368, 12096, 242.000000, 0, 0 
4738, 2369, 12090, 242.000000, 0, 0 
4740, 2370, 12088, 242.000000, 0, 0 
4742, 2371, 12088, 242.000000, 0, 0 
4744, 2372, 12091, 242.000000, 0, 0 
4746, 2373, 12097, 242.000000, 0, 0 
4748, 2374, 12103, 242.000000, 0, 0 
4750, 2375, 12090, 242.000000, 0, 0 
4752, 2376, 12090, 242.000000, 0, 0 
4754, 2377, 12089, 242.000000, 0, 0 
4756, 2378, 12095, 242.000000, 0, 0 
4758, 2379, 12100, 242.000000, 0, 0 
4760, 2380, 12091, 242.000000, 0, 0 
4762, 2381, 12093, 242.000000, 0, 0 
4764, 2382, 12092, 242.000000, 0, 0 
4766, 2383, 12093, 242.000000, 0, 0 
4768, 2384, 12098, 242.000000, 0, 0 
4770, 2385, 12103, 242.000000, 0, 0 
4772, 2386, 12095, 242.000000, 0, 0 
4774, 2387, 12093, 242.000000, 0, 0 
4776, 2388, 12094, 242.000000, 0, 0 
4778, 2389, 12096, 242.000000, 0, 0 
4780, 2390, 12102, 242.000000, 0, 0 
4782, 2391, 12107, 242.000000, 0, 0 
4784, 2392, 12099, 242.000000, 0, 0 
4786, 2393, 12100, 242.000000, 0, 0 
4788, 2394, 12103, 242.000000, 0, 0 
4790, 2395, 12102, 242.000000, 0, 0 
4792, 2396, 12103, 242.000000, 0, 0 
4794, 2397, 12114, 242.000000, 0, 0 
4796, 2398, 12099, 242.000000, 0, 0 
4798, 2399, 12098, 242.000000, 0, 0 
4800, 2400, 12098, 242.000000, 0, 0 
4802, 2401, 12102, 242.000000, 0, 0 
4804, 2402, 12108, 242.000000, 0, 0 
4806, 2403, 12100, 242.000000, 0, 0 
4808, 2404, 12099, 242.000000, 0, 0 
4810, 2405, 12100, 242.000000, 0, 0 
4812, 2406, 12101, 242.000000, 0, 0 
4814, 2407, 12107, 242.000000, 0, 0 
4816, 2408, 12113, 242.000000, 0, 0 
4818, 2409, 12103, 242.000000, 0, 0 
4820, 2410, 12102, 242.000000, 0, 0 
4822, 2411, 12103, 242.000000, 0, 0 
4824, 2412, 12105, 242.000000, 0, 0 
4826, 2413, 12110, 242.000000, 0, 0 
4828, 2414, 12116, 242.000000, 0, 0 
4830, 2415, 12105, 242.000000, 0, 0 
4832, 2416, 12106, 242.000000, 0, 0 
4834, 2417, 12104, 242.000000, 0, 0 
4836, 2418, 12107, 242.000000, 0, 0 
4838, 2419, 12113, 242.000000, 0, 0 
4840, 2420, 12118, 242.000000, 0, 0 
4842, 2421, 12106, 242.000000, 0, 0 
4844, 2422, 12107, 242.000000, 0, 0 
4846, 2423, 12106, 242.000000, 0, 0 
4848, 2424, 12111, 242.000000, 0, 0 
4850, 2425, 12116, 242.000000, 0, 0 
4852, 2426, 12122, 242.000000, 0, 0 
4854, 2427, 12109, 242.000000, 0, 0 
4856, 2428, 12109, 242.000000, 0, 0 
4858, 2429, 12109, 242.000000, 0, 0 
4860, 2430, 12113, 242.000000, 0, 0 
4862, 2431, 12120, 242.000000, 0, 0 
4864, 2432, 12133, 242.000000, 0, 0 
4866, 2433, 12115, 242.000000, 0, 0 
4868, 2434, 12110, 245.000000, 0, 0 
4870, 2435, 12111, 242.000000, 0, 0 
4872, 2436, 12115, 242.000000, 0, 0 
4874, 2437, 12121, 242.000000, 0, 0 
4876, 2438, 12127, 242.000000, 0, 0 
4878, 2439, 12112, 242.000000, 0, 0 
4880, 2440, 12113, 242.000000, 0, 0 
4882, 2441, 12113, 242.000000, 0, 0 
4884, 2442, 12118, 242.000000, 0, 0 
4886, 2443, 12123, 242.000000, 0, 0 
4888, 2444, 12117, 242.000000, 0, 0 
4890, 2445, 12114, 242.000000, 0, 0 
4892, 2446, 12118, 242.000000, 0, 0 
4894, 2447, 12116, 242.000000, 0, 0 
4896, 2448, 12120, 242.000000, 0, 0 
4898, 2449, 12126, 242.000000, 0, 0 
4900, 2450, 12118, 242.000000, 0, 0 
4902, 2451, 12119, 242.000000, 0, 0 
4904, 2452, 12117, 242.000000, 0, 0 
4906, 2453, 12117, 242.000000, 0, 0 
4908, 2454, 12122, 242.000000, 0, 0 
4910, 2455, 12129, 242.000000, 0, 0 
4912, 2456, 12133, 242.000000, 0, 0 
4914, 2457, 12119, 242.000000, 0, 0 
4916, 2458, 12120, 242.000000, 0, 0 
4918, 2459, 12119, 242.000000, 0, 0 
4920, 2460, 12124, 242.000000, 0, 0 
4922, 2461, 12129, 242.000000, 0, 0 
4924, 2462, 12135, 242.000000, 0, 0 
4926, 2463, 12123, 242.000000, 0, 0 
4928, 2464, 12120, 242.000000, 0, 0 
4930, 2465, 12121, 242.000000, 0, 0 
4932, 2466, 12126, 242.000000, 0, 0 
4934, 2467, 12131, 242.000000, 0, 0 
4936, 2468, 12136, 242.000000, 0, 0 
4938, 2469, 12127, 242.000000, 0, 0 
4940, 2470, 12128, 242.000000, 0, 0 
4942, 2471, 12131, 242.000000, 0, 0 
4944, 2472, 12130, 242.000000, 0, 0 
4946, 2473, 12131, 242.000000, 0, 0 
4948, 2474, 12141, 242.000000, 0, 0 
4950, 2475, 12127, 242.000000, 0, 0 
4952, 2476, 12126, 242.000000, 0, 0 
4954, 2477, 12125, 242.000000, 0, 0 
4956, 2478, 12128, 242.000000, 0, 0 
4958, 2479, 12133, 242.000000, 0, 0 
4960, 2480, 12140, 242.000000, 0, 0 
4962, 2481, 12127, 242.000000, 0, 0 
4964, 2482, 12127, 242.000000, 0, 0 
4966, 2483, 12127, 242.000000, 0, 0 
4968, 2484, 12130, 242.000000, 0, 0 
4970, 2485, 12136, 242.000000, 0, 0 
4972, 2486, 12141, 242.000000, 0, 0 
4974, 2487, 12130, 242.000000, 0, 0 
4976, 2488, 12130, 242.000000, 0, 0 
4978, 2489, 12130, 242.000000, 0, 0 
4980, 2490, 12131, 242.000000, 0, 0 
4982, 2491, 12139, 242.000000, 0, 0 
4984, 2492, 12140, 242.000000, 0, 0 
4986, 2493, 12133, 242.000000, 0, 0 
4988, 2494, 12132, 242.000000, 0, 0 
4990, 2495, 12134, 242.000000, 0, 0 
4992, 2496, 12133, 242.000000, 0, 0 
4994, 2497, 12137, 242.000000, 0, 0 
4996, 2498, 12143, 242.000000, 0, 0 
4998, 2499, 12149, 242.000000, 0, 0 
5000, 2500, 12133, 242.000000, 0, 0 
                                                                                                                                                                                                                             

nios2-terminal: exiting due to ^C on host
